Acceso_Vial,ENTIDAD,NOM_ENT,MUN,NOM_MUN,LOC,NOM_LOC,LONGITUD,LATITUD,ALTITUD,POBTOT,POBFEM,POBMAS,P_0A2,P_0A2_F,P_0A2_M,P_3YMAS,P_3YMAS_F,P_3YMAS_M,P_5YMAS,P_5YMAS_F,P_5YMAS_M,P_12YMAS,P_12YMAS_F,P_12YMAS_M,P_15YMAS,P_15YMAS_F,P_15YMAS_M,P_18YMAS,P_18YMAS_F,P_18YMAS_M,P_3A5,P_3A5_F,P_3A5_M,P_6A11,P_6A11_F,P_6A11_M,P_8A14,P_8A14_F,P_8A14_M,P_12A14,P_12A14_F,P_12A14_M,P_15A17,P_15A17_F,P_15A17_M,P_18A24,P_18A24_F,P_18A24_M,P_15A49_F,P_60YMAS,P_60YMAS_F,P_60YMAS_M,REL_H_M,POB0_14,POB15_64,POB65_MAS,P_0A4,P_0A4_F,P_0A4_M,P_5A9,P_5A9_F,P_5A9_M,P_10A14,P_10A14_F,P_10A14_M,P_15A19,P_15A19_F,P_15A19_M,P_20A24,P_20A24_F,P_20A24_M,P_25A29,P_25A29_F,P_25A29_M,P_30A34,P_30A34_F,P_30A34_M,P_35A39,P_35A39_F,P_35A39_M,P_40A44,P_40A44_F,P_40A44_M,P_45A49,P_45A49_F,P_45A49_M,P_50A54,P_50A54_F,P_50A54_M,P_55A59,P_55A59_F,P_55A59_M,P_60A64,P_60A64_F,P_60A64_M,P_65A69,P_65A69_F,P_65A69_M,P_70A74,P_70A74_F,P_70A74_M,P_75A79,P_75A79_F,P_75A79_M,P_80A84,P_80A84_F,P_80A84_M,P_85YMAS,P_85YMAS_F,P_85YMAS_M,PROM_HNV,PNACENT,PNACENT_F,PNACENT_M,PNACOE,PNACOE_F,PNACOE_M,PRES2015,PRES2015_F,PRES2015_M,PRESOE15,PRESOE15_F,PRESOE15_M,P3YM_HLI,P3YM_HLI_F,P3YM_HLI_M,P3HLINHE,P3HLINHE_F,P3HLINHE_M,P3HLI_HE,P3HLI_HE_F,P3HLI_HE_M,P5_HLI,P5_HLI_NHE,P5_HLI_HE,PHOG_IND,POB_AFRO,POB_AFRO_F,POB_AFRO_M,PCON_DISC,PCDISC_MOT,PCDISC_VIS,PCDISC_LENG,PCDISC_AUD,PCDISC_MOT2,PCDISC_MEN,PCON_LIMI,PCLIM_CSB,PCLIM_VIS,PCLIM_HACO,PCLIM_OAUD,PCLIM_MOT2,PCLIM_RE_CO,PCLIM_PMEN,PSIND_LIM,P3A5_NOA,P3A5_NOA_F,P3A5_NOA_M,P6A11_NOA,P6A11_NOAF,P6A11_NOAM,P12A14NOA,P12A14NOAF,P12A14NOAM,P15A17A,P15A17A_F,P15A17A_M,P18A24A,P18A24A_F,P18A24A_M,P8A14AN,P8A14AN_F,P8A14AN_M,P15YM_AN,P15YM_AN_F,P15YM_AN_M,P15YM_SE,P15YM_SE_F,P15YM_SE_M,P15PRI_IN,P15PRI_INF,P15PRI_INM,P15PRI_CO,P15PRI_COF,P15PRI_COM,P15SEC_IN,P15SEC_INF,P15SEC_INM,P15SEC_CO,P15SEC_COF,P15SEC_COM,P18YM_PB,P18YM_PB_F,P18YM_PB_M,GRAPROES,GRAPROES_F,GRAPROES_M,PEA,PEA_F,PEA_M,PE_INAC,PE_INAC_F,PE_INAC_M,POCUPADA,POCUPADA_F,POCUPADA_M,PDESOCUP,PDESOCUP_F,PDESOCUP_M,PSINDER,PDER_SS,PDER_IMSS,PDER_ISTE,PDER_ISTEE,PAFIL_PDOM,PDER_SEGP,PDER_IMSSB,PAFIL_IPRIV,PAFIL_OTRAI,P12YM_SOLT,P12YM_CASA,P12YM_SEPA,PCATOLICA,PRO_CRIEVA,POTRAS_REL,PSIN_RELIG,TOTHOG,HOGJEF_F,HOGJEF_M,POBHOG,PHOGJEF_F,PHOGJEF_M,VIVTOT,TVIVHAB,TVIVPAR,VIVPAR_HAB,VIVPARH_CV,TVIVPARHAB,VIVPAR_DES,VIVPAR_UT,OCUPVIVPAR,PROM_OCUP,PRO_OCUP_C,VPH_PISODT,VPH_PISOTI,VPH_1DOR,VPH_2YMASD,VPH_1CUART,VPH_2CUART,VPH_3YMASC,VPH_C_ELEC,VPH_S_ELEC,VPH_AGUADV,VPH_AEASP,VPH_AGUAFV,VPH_TINACO,VPH_CISTER,VPH_EXCSA,VPH_LETR,VPH_DRENAJ,VPH_NODREN,VPH_C_SERV,VPH_NDEAED,VPH_DSADMA,VPH_NDACMM,VPH_SNBIEN,VPH_REFRI,VPH_LAVAD,VPH_HMICRO,VPH_AUTOM,VPH_MOTO,VPH_BICI,VPH_RADIO,VPH_TV,VPH_PC,VPH_TELEF,VPH_CEL,VPH_INTER,VPH_STVP,VPH_SPMVPI,VPH_CVJ,VPH_SINRTV,VPH_SINLTC,VPH_SINCINT,VPH_SINTIC,TAMLOC
3,7,CHIAPAS,15,CACAHOATAN,1,CACAHOATAN,-92.16811,14.989789,477,19108,9949,9159,1088,557,531,18020,9392,8628,17239,9031,8208,14621,7776,6845,13516,7218,6298,12397,6656,5741,1162,558,604,2237,1058,1179,2565,1246,1319,1105,558,547,1119,562,557,2408,1255,1153,5241,2044,1096,948,92.06,5592,12124,1392,1869,918,951,1886,897,989,1837,916,921,1848,956,892,1679,861,818,1387,751,636,1384,765,619,1306,730,576,1177,637,540,1034,541,493,897,489,408,760,392,368,652,349,303,477,246,231,333,178,155,251,136,115,175,94,81,156,93,63,2.13,17695,9197,8498,590,286,304,16699,8781,7918,310,134,176,134,61,73,1,1,0,133,60,73,134,1,133,427,99,54,45,690,314,293,123,140,127,116,1510,506,893,123,328,82,249,183,16841,462,224,238,124,52,72,103,46,57,885,457,428,709,382,327,89,41,48,1042,675,367,1270,763,507,1231,669,562,1676,890,786,351,186,165,2813,1577,1236,5644,2859,2785,9.23,9,9.51,8405,3397,5008,6148,4369,1779,8184,3335,4849,221,62,159,8769,10336,3418,1690,329,458,4138,26,81,312,5206,7440,1975,7184,7861,14,4043,4970,1735,3235,19059,6318,12741,5994,4971,5992,4969,4957,4970,763,260,19059,3.83,1.22,4732,225,2166,2791,930,993,3034,4933,24,4863,4573,94,1243,1792,4918,18,4938,19,4835,3,4924,3468,99,4003,2327,1285,1260,387,684,3418,4404,1087,770,4427,1121,2049,263,133,304,505,3449,133,8
1,7,CHIAPAS,15,CACAHOATAN,2,AGUA CALIENTE,-92.155601,15.164324,1596,552,287,265,51,28,23,501,259,242,466,243,223,350,189,161,298,164,134,262,143,119,44,20,24,107,50,57,120,59,61,52,25,27,36,21,15,56,33,23,126,44,25,19,92.33,254,265,33,86,44,42,80,38,42,88,41,47,53,31,22,39,23,16,27,16,11,25,13,12,33,15,18,27,17,10,20,11,9,13,6,7,17,7,10,11,7,4,9,3,6,7,7,0,6,3,3,3,1,2,8,4,4,3.58,546,284,262,1,0,1,459,241,218,1,1,0,181,94,87,2,1,1,179,93,86,179,2,177,460,2,0,2,16,6,7,11,9,8,9,18,9,5,1,7,0,3,7,516,10,4,6,5,1,4,7,3,4,21,15,6,7,6,1,3,1,2,58,40,18,60,42,18,65,32,33,51,17,34,11,4,7,59,35,24,38,23,15,5.71,5.63,5.8,319,172,147,31,17,14,319,172,147,0,0,0,4,548,3,0,0,1,476,504,2,1,131,181,38,426,89,0,37,87,16,71,552,80,472,103,87,103,87,87,87,16,0,552,6.34,1.96,65,22,40,47,1,36,50,86,1,82,55,5,14,2,62,25,55,32,54,0,55,79,5,26,11,3,5,6,0,65,52,3,1,61,7,4,0,0,13,26,79,7,3
1,7,CHIAPAS,15,CACAHOATAN,3,EL AGUILA,-92.183501,15.092592,1219,1377,708,669,75,35,40,1302,673,629,1255,645,610,1089,568,521,1018,532,486,940,491,449,69,39,30,144,66,78,166,75,91,71,36,35,78,41,37,143,77,66,351,212,107,105,94.49,359,867,151,122,63,59,122,65,57,115,48,67,118,58,60,103,60,43,93,55,38,100,54,46,79,43,36,98,47,51,78,34,44,75,42,33,62,32,30,61,28,33,50,24,26,39,18,21,24,16,8,17,13,4,21,8,13,2.6,1323,681,642,35,19,16,1212,627,585,33,15,18,16,7,9,2,1,1,14,6,8,16,2,14,40,2,1,1,54,23,15,17,20,10,13,152,56,105,21,56,16,28,23,1163,40,21,19,6,1,5,3,1,2,72,36,36,49,26,23,2,1,1,79,47,32,80,46,34,156,74,82,151,82,69,17,6,11,289,152,137,277,150,127,8.1,8.2,7.98,618,207,411,468,359,109,612,205,407,6,2,4,359,1018,159,46,2,2,756,54,0,1,375,595,119,504,469,11,393,347,78,269,1377,274,1103,420,347,420,347,347,347,61,12,1377,3.97,1.15,338,9,117,230,25,62,260,345,2,347,345,0,51,17,339,6,345,2,343,0,344,309,11,204,155,45,37,3,4,258,297,46,25,302,92,8,5,7,31,41,238,13,4
2,7,CHIAPAS,15,CACAHOATAN,4,AGUSTIN DE ITURBIDE,-92.198513,15.075341,829,2018,1019,999,94,43,51,1924,976,948,1841,936,905,1561,819,742,1443,760,683,1311,691,620,129,60,69,234,97,137,278,119,159,118,59,59,132,69,63,247,127,120,518,267,135,132,98.04,575,1248,195,177,83,94,203,88,115,195,88,107,201,102,99,178,94,84,133,74,59,118,65,53,133,71,62,123,64,59,95,48,47,103,57,46,92,50,42,72,47,25,68,27,41,46,18,28,37,25,12,21,7,14,23,11,12,2.37,1941,975,966,36,23,13,1825,930,895,6,4,2,11,6,5,0,0,0,11,6,5,11,0,11,30,6,3,3,54,21,24,9,17,9,4,136,43,86,7,34,9,26,17,1817,50,24,26,11,8,3,14,5,9,92,49,43,54,24,30,15,7,8,156,90,66,183,100,83,214,105,109,177,99,78,49,26,23,303,176,127,453,221,232,7.91,7.81,8.02,937,348,589,618,469,149,926,345,581,11,3,8,961,1057,329,79,11,6,629,2,1,9,604,756,201,552,778,0,688,505,168,337,2018,631,1387,617,505,617,505,505,505,105,7,2018,4,1.27,476,29,215,290,74,123,308,504,1,503,501,2,95,338,496,9,503,2,500,0,499,441,14,350,192,86,48,20,11,320,430,54,42,355,110,46,9,5,44,144,376,20,4
2,7,CHIAPAS,15,CACAHOATAN,5,AHUACATLAN,-92.180892,15.040232,670,1900,975,925,99,52,47,1801,923,878,1714,882,832,1462,740,722,1357,696,661,1257,649,608,127,67,60,212,116,96,246,120,126,105,44,61,100,47,53,205,109,96,487,252,119,133,94.87,543,1173,184,186,93,93,184,99,85,173,87,86,162,80,82,143,76,67,130,63,67,136,77,59,121,62,59,124,68,56,112,61,51,94,45,49,83,45,38,68,33,35,46,18,28,52,27,25,38,17,21,23,10,13,25,14,11,2.39,1756,905,851,49,29,20,1647,860,787,29,11,18,7,2,5,0,0,0,7,2,5,7,0,7,11,5,3,2,81,30,33,18,25,11,9,239,68,171,10,62,10,31,30,1566,35,20,15,5,3,2,11,7,4,85,40,45,47,26,21,9,4,5,103,71,32,128,77,51,192,87,105,182,88,94,35,20,15,334,186,148,433,217,216,8.21,8.11,8.32,890,312,578,546,427,119,877,309,568,13,3,10,965,935,215,135,54,69,425,2,37,3,416,797,249,697,791,0,412,502,136,366,1873,459,1414,614,503,613,502,502,502,93,18,1873,3.73,1.13,478,24,221,281,63,115,324,499,3,497,491,5,80,442,490,7,498,4,494,0,492,376,13,349,192,91,106,36,59,323,430,54,22,422,52,177,8,15,39,76,425,15,4
0,7,CHIAPAS,15,CACAHOATAN,6,ALIANZA,-92.18237,15.045194,670,64,32,32,6,3,3,58,29,29,56,29,27,45,22,23,41,20,21,36,16,20,4,1,3,9,6,3,11,6,5,4,2,2,5,4,1,8,3,5,19,1,0,1,100,23,41,0,8,3,5,7,5,2,8,4,4,8,6,2,5,1,4,5,3,2,7,4,3,5,2,3,4,1,3,3,2,1,1,0,1,2,1,1,1,0,1,0,0,0,0,0,0,0,0,0,0,0,0,0,0,0,2.27,39,20,19,1,1,0,56,29,27,0,0,0,2,0,2,0,0,0,2,0,2,2,0,2,16,0,0,0,0,0,0,0,0,0,0,3,0,3,0,0,0,0,0,61,2,0,2,2,1,1,3,1,2,3,3,0,1,0,1,2,1,1,7,3,4,7,3,4,6,1,5,11,7,4,0,0,0,8,4,4,6,2,4,6.39,6.9,5.9,24,2,22,21,20,1,13,1,12,11,1,10,42,22,20,0,0,0,2,0,0,0,14,28,3,20,15,0,29,12,1,11,64,3,61,19,12,19,12,12,12,0,7,64,5.33,2,11,1,6,6,4,2,6,12,0,12,12,0,3,1,11,1,12,0,12,0,11,10,0,6,4,1,2,0,1,11,11,2,0,12,1,5,1,0,0,0,10,0,1
1,7,CHIAPAS,15,CACAHOATAN,7,ALPUJARRAS,-92.171535,15.073735,937,579,309,270,31,13,18,548,296,252,529,284,245,434,233,201,410,220,190,377,203,174,31,18,13,83,45,38,79,42,37,24,13,11,33,17,16,74,48,26,154,85,33,52,87.38,169,350,60,50,25,25,68,37,31,51,27,24,59,31,28,48,34,14,22,12,10,31,12,19,38,24,14,39,19,20,31,22,9,26,12,14,31,21,10,25,7,18,24,12,12,14,5,9,8,3,5,8,3,5,6,3,3,2.53,530,280,250,25,17,8,508,272,236,15,9,6,3,0,3,0,0,0,3,0,3,3,0,3,16,0,0,0,41,18,19,10,11,8,9,67,22,38,4,12,1,20,8,467,16,12,4,6,2,4,1,1,0,21,11,10,11,8,3,6,3,3,67,40,27,64,34,30,76,36,40,72,39,33,16,11,5,99,53,46,72,42,30,6.64,6.81,6.44,244,87,157,190,146,44,241,86,155,3,1,2,139,440,48,19,3,3,374,0,0,0,123,253,58,230,270,0,79,153,38,115,579,128,451,214,153,214,153,151,153,61,0,579,3.78,1.36,135,16,89,62,22,49,80,149,2,149,1,2,26,25,148,1,150,1,146,0,149,127,5,90,52,18,22,3,0,92,109,11,7,118,42,21,1,0,22,29,106,8,3
1,7,CHIAPAS,15,CACAHOATAN,8,FRACCION AZTECA,-92.12383,15.087696,1529,251,124,127,18,14,4,233,110,123,221,106,115,182,89,93,163,82,81,141,72,69,18,6,12,33,15,18,38,17,21,19,7,12,22,10,12,27,17,10,64,22,10,12,102.42,88,148,15,30,18,12,33,14,19,25,10,15,32,16,16,17,11,6,15,10,5,14,8,6,11,8,3,16,8,8,14,3,11,13,5,8,9,3,6,7,2,5,3,1,2,1,1,0,4,3,1,4,1,3,3,2,1,2.97,247,124,123,2,0,2,210,103,107,11,3,8,18,8,10,0,0,0,18,8,10,18,0,18,63,1,1,0,15,3,11,1,5,0,2,34,14,25,0,7,0,7,1,201,1,0,1,0,0,0,0,0,0,13,8,5,3,1,2,2,1,1,18,9,9,18,9,9,24,10,14,17,8,9,9,4,5,72,36,36,20,13,7,7.16,7.49,6.83,155,72,83,27,17,10,155,72,83,0,0,0,21,230,4,0,0,0,131,80,0,19,69,95,18,71,132,0,48,55,11,44,251,46,205,70,55,70,55,55,55,14,1,251,4.56,1.5,52,3,26,29,6,14,35,53,2,54,47,1,10,1,51,2,53,2,50,0,51,53,3,16,15,2,2,0,1,39,43,0,0,39,0,0,0,0,4,16,55,3,2
1,7,CHIAPAS,15,CACAHOATAN,9,AZTECA,-92.184933,15.113687,1393,354,165,189,19,11,8,335,154,181,315,151,164,245,121,124,221,107,114,203,99,104,29,8,21,61,25,36,63,32,31,24,14,10,18,8,10,37,21,16,76,39,17,22,114.55,133,195,26,39,14,25,51,21,30,43,23,20,32,15,17,23,14,9,23,12,11,29,12,17,14,6,8,14,6,8,18,11,7,21,9,12,8,5,3,13,5,8,7,4,3,6,3,3,9,4,5,2,1,1,2,0,2,3.4,341,159,182,5,3,2,291,143,148,18,8,10,4,2,2,0,0,0,4,2,2,4,0,4,27,0,0,0,20,5,7,7,8,4,4,54,20,43,7,12,4,8,8,275,19,4,15,2,1,1,3,1,2,11,5,6,7,6,1,3,2,1,45,29,16,41,23,18,43,15,28,39,18,21,8,4,4,51,28,23,35,16,19,6.17,6.19,6.15,165,55,110,80,66,14,165,55,110,0,0,0,85,269,7,0,0,0,208,54,0,0,92,127,26,209,109,0,36,72,15,57,354,58,296,98,72,98,72,72,72,25,1,354,4.92,1.82,60,12,42,30,16,22,34,69,3,70,68,2,5,0,64,6,70,2,67,1,66,71,8,30,17,3,1,0,0,45,52,3,2,49,2,0,0,0,14,22,67,8,2
1,7,CHIAPAS,15,CACAHOATAN,10,BELLAVISTA,-92.149386,15.078187,1187,686,342,344,40,23,17,646,319,327,622,305,317,491,236,255,437,210,227,387,185,202,38,19,19,117,64,53,129,67,62,54,26,28,50,25,25,86,37,49,154,71,33,38,100.58,249,387,50,64,37,27,101,51,50,84,44,40,68,34,34,68,28,40,44,27,17,40,17,23,39,18,21,37,16,21,25,14,11,23,12,11,22,11,11,21,11,10,14,6,8,11,5,6,12,6,6,9,3,6,4,2,2,3.47,669,334,335,11,5,6,609,300,309,11,5,6,60,26,34,0,0,0,60,26,34,60,0,60,227,0,0,0,14,4,6,5,6,3,1,29,9,20,2,11,3,3,8,638,21,13,8,4,3,1,3,0,3,32,17,15,14,5,9,10,3,7,55,29,26,54,27,27,70,23,47,68,30,38,14,7,7,152,85,67,61,29,32,7.01,7.37,6.69,329,112,217,159,124,35,329,112,217,0,0,0,257,429,16,2,0,3,404,1,0,3,214,237,40,283,243,18,142,131,25,106,686,111,575,169,131,169,131,131,131,29,9,686,5.24,1.73,126,5,51,80,13,31,87,131,0,129,128,2,16,0,126,3,128,3,128,0,128,118,1,67,44,8,11,2,0,84,104,7,5,100,16,1,0,0,9,30,110,2,3
2,7,CHIAPAS,15,CACAHOATAN,11,BENITO JUAREZ,-92.19111,15.055,668,1708,886,822,100,58,42,1608,828,780,1533,792,741,1271,663,608,1147,593,554,1021,521,500,120,58,62,217,107,110,257,136,121,124,70,54,126,72,54,220,115,105,457,157,72,85,92.78,561,1031,116,175,94,81,201,105,96,185,94,91,186,95,91,160,92,68,117,62,55,102,54,48,104,59,45,114,55,59,81,40,41,78,40,38,48,24,24,41,20,21,32,14,18,28,11,17,24,12,12,21,11,10,11,4,7,2.37,1631,845,786,36,22,14,1498,781,717,23,7,16,35,15,20,0,0,0,34,14,20,35,0,34,122,62,33,29,78,24,35,19,17,17,26,227,54,144,13,48,8,49,17,1402,69,35,34,9,2,7,9,5,4,92,57,35,51,27,24,12,7,5,108,60,48,106,61,45,138,57,81,259,117,142,16,7,9,303,180,123,262,136,126,7.69,7.91,7.46,625,179,446,638,484,154,600,176,424,25,3,22,1014,694,150,37,12,9,474,13,1,2,460,705,106,523,686,0,499,335,76,259,1708,367,1341,404,335,404,335,335,335,60,9,1708,5.1,1.42,307,28,111,224,36,62,237,328,7,317,190,18,24,255,305,16,321,14,312,4,310,289,20,216,67,34,37,10,21,157,259,21,4,250,56,114,1,1,55,85,270,27,4
1,7,CHIAPAS,15,CACAHOATAN,14,CAMAMBE,-92.162472,15.166515,1472,174,83,91,14,7,7,160,76,84,148,69,79,114,58,56,105,54,51,89,46,43,17,9,8,29,9,20,31,10,21,9,4,5,16,8,8,15,11,4,37,19,9,10,109.64,69,98,7,26,14,12,21,6,15,22,9,13,19,11,8,12,8,4,17,6,11,8,4,4,6,2,4,10,4,6,3,2,1,4,3,1,7,5,2,12,6,6,3,1,2,1,1,0,0,0,0,0,0,0,3,1,2,3.95,174,83,91,0,0,0,146,69,77,2,0,2,27,12,15,1,0,1,25,11,14,27,1,25,102,0,0,0,5,3,3,3,2,3,3,3,3,0,0,2,0,2,4,166,6,3,3,1,0,1,2,0,2,13,7,6,1,1,0,1,0,1,18,9,9,20,8,12,16,10,6,23,11,12,4,0,4,29,15,14,5,3,2,5.7,6.04,5.35,109,55,54,5,3,2,109,55,54,0,0,0,8,166,0,0,0,0,153,147,0,0,45,57,12,149,20,0,5,26,6,20,174,30,144,30,26,30,26,26,26,4,0,174,6.69,2.07,22,4,11,15,1,9,16,26,0,25,22,1,6,0,15,11,13,13,13,0,13,25,2,9,1,2,0,1,0,24,19,0,0,22,0,12,0,0,2,4,26,2,1
0,7,CHIAPAS,15,CACAHOATAN,15,EL CARMEN,-92.163739,15.031037,658,806,395,411,36,17,19,770,378,392,744,370,374,639,320,319,580,289,291,539,273,266,38,14,24,93,44,49,124,59,65,59,31,28,41,16,25,79,35,44,201,95,42,53,104.05,226,516,64,62,25,37,67,38,29,97,43,54,67,28,39,53,23,30,63,35,28,69,41,28,44,25,19,57,27,30,35,22,13,53,27,26,44,19,25,31,15,16,20,9,11,18,6,12,15,5,10,4,2,2,7,5,2,2.22,739,368,371,29,18,11,700,356,344,20,8,12,4,1,3,0,0,0,4,1,3,4,0,4,18,2,0,2,52,29,14,14,6,14,15,63,25,32,1,9,1,16,10,688,5,3,2,1,1,0,8,2,6,33,15,18,20,13,7,7,3,4,60,31,29,62,30,32,62,26,36,71,31,40,13,7,6,169,94,75,181,90,91,8.31,8.5,8.12,351,128,223,266,192,74,350,128,222,1,0,1,328,478,178,55,0,24,204,0,0,24,232,348,59,82,587,0,137,210,45,165,785,163,622,264,211,263,210,210,210,42,11,785,3.74,1.07,188,22,80,130,35,32,143,205,5,203,196,7,36,5,199,3,202,8,197,1,199,172,5,143,88,27,33,6,4,113,171,19,1,189,15,66,0,4,22,21,183,7,3
1,7,CHIAPAS,15,CACAHOATAN,18,DOS DE MAYO,-92.14804,15.023394,648,794,389,405,54,33,21,740,356,384,698,339,359,585,284,301,535,265,270,492,245,247,63,31,32,92,41,51,111,45,66,50,19,31,43,20,23,80,39,41,196,80,37,43,104.11,259,475,60,96,50,46,88,47,41,75,27,48,62,28,34,61,31,30,75,43,32,60,31,29,52,20,32,45,26,19,33,17,16,30,17,13,37,15,22,20,8,12,24,10,14,8,6,2,14,6,8,6,3,3,8,4,4,2.6,747,366,381,16,8,8,677,331,346,9,4,5,1,0,1,0,0,0,1,0,1,1,0,1,1,12,4,8,41,17,18,11,9,7,9,54,17,28,9,7,0,8,11,696,27,14,13,2,1,1,1,0,1,27,14,13,16,4,12,4,3,1,59,42,17,74,46,28,55,26,29,68,32,36,25,14,11,138,73,65,159,64,95,7.93,7.36,8.49,488,230,258,97,54,43,487,229,258,1,1,0,371,423,101,14,23,22,254,0,8,3,191,310,84,356,267,0,171,196,50,146,794,153,641,264,196,264,196,196,196,49,19,794,4.05,1.35,180,16,94,102,7,76,113,195,1,189,186,7,25,182,179,6,184,12,180,1,182,138,4,139,76,27,50,14,14,136,161,25,7,170,16,61,4,3,17,24,163,7,3
2,7,CHIAPAS,15,CACAHOATAN,20,FAJA DE ORO,-92.155902,15.032312,687,2674,1381,1293,167,81,86,2507,1300,1207,2369,1230,1139,1970,1035,935,1803,950,853,1667,878,789,194,98,96,343,167,176,392,200,192,167,85,82,136,72,64,319,161,158,701,288,147,141,93.63,871,1584,219,305,151,154,293,140,153,273,140,133,235,122,113,220,111,109,198,119,79,180,102,78,174,93,81,148,72,76,152,82,70,104,48,56,104,54,50,69,41,28,65,34,31,54,25,29,47,22,25,30,14,16,23,11,12,2.46,2553,1311,1242,44,26,18,2330,1208,1122,8,5,3,9,2,7,0,0,0,9,2,7,9,0,9,17,3,3,0,108,51,47,35,28,42,32,220,70,141,16,51,8,28,42,2318,86,44,42,34,17,17,22,12,10,115,57,58,80,42,38,14,3,11,141,89,52,143,87,56,223,114,109,209,99,110,36,17,19,543,310,233,591,288,303,8.51,8.34,8.7,968,317,651,990,713,277,958,317,641,10,0,10,1515,1159,418,161,1,75,466,2,4,43,659,1093,218,661,1559,0,453,626,148,478,2674,565,2109,757,626,756,625,626,626,116,15,2674,4.27,1.31,561,65,266,360,93,120,413,623,3,615,604,11,77,9,611,0,614,12,609,1,609,487,15,447,298,129,121,27,28,316,558,87,14,540,66,131,13,1,47,84,516,17,5
1,7,CHIAPAS,15,CACAHOATAN,23,GUATIMOC,-92.152599,15.046315,798,972,476,496,50,22,28,922,454,468,883,436,447,752,390,362,694,355,339,643,330,313,62,26,36,108,38,70,124,58,66,58,35,23,51,25,26,137,68,69,257,110,55,55,104.2,278,602,92,89,40,49,100,36,64,89,45,44,91,43,48,97,50,47,59,28,31,78,38,40,71,38,33,53,32,21,49,28,21,50,23,27,36,20,16,18,7,11,26,15,11,18,10,8,19,9,10,16,7,9,13,7,6,2.36,926,452,474,34,18,16,872,429,443,7,5,2,11,8,3,0,0,0,10,7,3,11,0,10,25,0,0,0,51,19,33,4,10,7,2,95,25,73,4,20,3,10,2,824,25,9,16,2,1,1,8,6,2,44,21,23,42,16,26,7,4,3,84,51,33,66,41,25,78,37,41,75,40,35,14,4,10,181,94,87,247,122,125,8.7,8.53,8.88,370,100,270,382,290,92,369,99,270,1,1,0,615,357,122,61,6,6,34,124,1,5,292,389,71,253,418,7,294,236,70,166,972,252,720,303,236,303,236,236,236,52,15,972,4.12,1.19,216,19,70,165,22,43,170,233,2,234,234,1,25,1,231,2,233,2,231,0,232,202,10,166,76,37,28,7,4,125,192,25,2,173,19,22,1,0,24,62,200,13,3
1,7,CHIAPAS,15,CACAHOATAN,26,MILAN,-92.124174,15.090311,1624,7,*,*,*,*,*,*,*,*,*,*,*,*,*,*,*,*,*,*,*,*,*,*,*,*,*,*,*,*,*,*,*,*,*,*,*,*,*,*,*,*,*,*,*,*,*,*,*,*,*,*,*,*,*,*,*,*,*,*,*,*,*,*,*,*,*,*,*,*,*,*,*,*,*,*,*,*,*,*,*,*,*,*,*,*,*,*,*,*,*,*,*,*,*,*,*,*,*,*,*,*,*,*,*,*,*,*,*,*,*,*,*,*,*,*,*,*,*,*,*,*,*,*,*,*,*,*,*,*,*,*,*,*,*,*,*,*,*,*,*,*,*,*,*,*,*,*,*,*,*,*,*,*,*,*,*,*,*,*,*,*,*,*,*,*,*,*,*,*,*,*,*,*,*,*,*,*,*,*,*,*,*,*,*,*,*,*,*,*,*,*,*,*,*,*,*,*,*,*,*,*,*,*,*,*,*,*,*,*,*,*,*,*,*,*,*,*,*,*,*,*,*,*,2,1,*,*,*,*,*,*,*,*,*,*,*,*,*,*,*,*,*,*,*,*,*,*,*,*,*,*,*,*,*,*,*,*,*,*,*,*,*,*,*,*,*,*,*,*,*,*,*,*,*,*,*,1
2,7,CHIAPAS,15,CACAHOATAN,27,MIXCUM,-92.140624,15.026025,671,1781,876,905,112,50,62,1669,826,843,1586,799,787,1332,672,660,1226,623,603,1123,573,550,119,44,75,218,110,108,254,124,130,106,49,57,103,50,53,219,123,96,463,183,89,94,103.31,555,1093,133,195,77,118,180,90,90,180,86,94,174,87,87,148,86,62,141,70,71,129,62,67,128,62,66,119,55,64,67,41,26,71,41,30,66,30,36,50,29,21,45,17,28,33,18,15,20,10,10,23,9,14,12,6,6,2.59,1655,808,847,52,34,18,1527,771,756,42,21,21,1,0,1,0,0,0,1,0,1,1,0,1,4,2,1,1,179,60,85,29,47,10,25,133,36,81,10,26,4,17,151,1433,77,26,51,12,5,7,6,3,3,86,42,44,48,22,26,10,6,4,134,81,53,132,75,57,153,72,81,160,73,87,31,11,20,411,222,189,296,148,148,7.75,7.71,7.79,767,274,493,560,398,162,747,271,476,20,3,17,785,996,134,25,7,98,719,0,14,4,485,720,127,287,1065,0,426,410,94,316,1781,391,1390,514,410,514,410,409,410,74,30,1781,4.34,1.33,376,33,192,217,61,91,257,407,2,391,389,18,28,344,387,4,387,22,384,1,384,340,19,279,182,60,54,23,25,283,352,32,4,345,26,106,8,3,31,64,362,21,4
2,7,CHIAPAS,15,CACAHOATAN,33,PIEDRA PARADA,-92.189373,15.123641,1590,141,69,72,14,7,7,127,62,65,119,58,61,94,48,46,87,44,43,79,41,38,12,6,6,21,8,13,19,8,11,7,4,3,8,3,5,12,8,4,32,19,11,8,104.35,54,75,12,22,11,11,20,9,11,12,5,7,12,6,6,8,5,3,9,5,4,8,5,3,10,5,5,10,5,5,3,1,2,4,0,4,4,1,3,7,5,2,3,1,2,3,1,2,1,1,0,2,1,1,3,2,1,3.63,135,68,67,5,1,4,111,53,58,8,5,3,5,2,3,0,0,0,5,2,3,5,0,5,18,0,0,0,5,2,4,1,3,1,2,7,4,3,1,1,1,2,2,129,12,6,6,0,0,0,0,0,0,6,2,4,1,1,0,1,0,1,14,8,6,16,8,8,10,6,4,23,12,11,2,0,2,30,14,16,4,3,1,6.02,6.02,6.02,77,34,43,17,14,3,77,34,43,0,0,0,24,117,0,0,0,0,65,55,0,0,27,62,5,84,32,0,25,26,3,23,141,13,128,28,26,28,26,26,26,2,0,141,5.42,1.99,20,6,18,8,1,14,11,25,1,26,13,0,1,0,21,5,26,0,25,0,23,26,2,9,5,1,0,0,0,19,17,0,0,21,0,0,0,0,4,5,26,2,1
1,7,CHIAPAS,15,CACAHOATAN,35,EL PLATANAR,-92.162265,15.085144,1284,677,327,350,37,14,23,640,313,327,612,300,312,512,259,253,474,239,235,429,210,219,44,18,26,84,36,48,103,47,56,38,20,18,45,29,16,69,30,39,168,91,43,48,107.03,203,405,69,65,27,38,62,22,40,76,39,37,65,36,29,49,23,26,43,27,16,49,22,27,39,24,15,47,24,23,29,12,17,35,19,16,27,9,18,22,12,10,17,4,13,20,8,12,19,13,6,8,4,4,5,2,3,3.15,673,325,348,1,1,0,606,298,308,2,1,1,25,11,14,0,0,0,25,11,14,25,0,25,65,0,0,0,36,19,16,11,15,12,11,80,48,61,32,44,29,44,9,554,20,9,11,0,0,0,3,0,3,38,25,13,11,3,8,0,0,0,40,31,9,36,27,9,109,46,63,69,25,44,8,4,4,154,83,71,75,39,36,6.92,6.97,6.87,487,245,242,25,14,11,487,245,242,0,0,0,50,627,395,6,0,2,198,28,0,0,179,279,54,88,241,0,348,151,32,119,677,112,565,195,151,195,151,151,151,40,4,677,4.48,1.34,145,6,58,93,6,39,105,151,0,151,140,0,19,0,149,2,150,1,150,0,150,140,2,95,36,29,11,1,0,97,124,3,7,126,8,9,0,0,15,23,141,5,3
1,7,CHIAPAS,15,CACAHOATAN,38,EL PROGRESO,-92.197084,15.087171,938,858,446,412,41,23,18,817,423,394,783,401,382,653,331,322,605,310,295,555,280,275,51,32,19,113,60,53,130,63,67,48,21,27,50,30,20,84,44,40,205,131,65,66,92.38,253,510,95,75,45,30,89,52,37,89,39,50,74,46,28,60,28,32,49,24,25,63,36,27,45,23,22,62,29,33,42,19,23,39,21,18,40,19,21,36,19,17,31,15,16,29,13,16,12,6,6,9,3,6,14,9,5,2.55,853,444,409,3,2,1,783,401,382,0,0,0,5,1,4,0,0,0,5,1,4,5,0,5,19,8,3,5,9,2,1,4,5,2,1,9,4,5,1,3,1,2,4,838,20,13,7,6,4,2,6,3,3,40,26,14,31,12,19,2,1,1,54,33,21,70,38,32,101,48,53,95,38,57,19,8,11,141,86,55,151,72,79,7.55,7.63,7.47,379,119,260,267,209,58,378,119,259,1,0,1,311,547,95,20,7,2,418,4,0,1,243,351,59,353,350,0,155,187,48,139,858,187,671,219,187,219,187,187,187,29,3,858,4.59,1.3,182,5,61,126,19,32,136,186,1,187,177,0,20,9,185,2,187,0,186,0,187,165,12,148,76,34,17,6,0,128,158,16,5,139,39,13,5,3,20,48,142,15,3
1,7,CHIAPAS,15,CACAHOATAN,40,LA RIOJA,-92.183414,14.993883,459,28,16,12,2,1,1,26,15,11,23,13,10,18,11,7,14,8,6,12,6,6,4,3,1,4,1,3,6,3,3,4,3,1,2,2,0,4,1,3,8,0,0,0,75,14,14,0,5,3,2,5,2,3,4,3,1,4,2,2,2,1,1,2,1,1,2,2,0,1,0,1,1,1,0,2,1,1,0,0,0,0,0,0,0,0,0,0,0,0,0,0,0,0,0,0,0,0,0,0,0,0,1.91,7,3,4,0,0,0,16,8,8,0,0,0,10,7,3,0,0,0,10,7,3,8,0,8,15,0,0,0,0,0,0,0,0,0,0,1,0,1,0,0,0,0,0,27,3,2,1,2,1,1,2,2,0,1,1,0,0,0,0,1,1,0,0,0,0,0,0,0,4,3,1,7,3,4,0,0,0,0,0,0,2,1,1,6.43,6.38,6.5,8,2,6,10,9,1,8,2,6,0,0,0,26,2,0,0,0,0,1,0,0,1,9,8,1,9,19,0,0,4,1,3,28,4,24,8,4,8,4,4,4,0,4,28,7,2,4,0,1,3,0,1,3,4,0,2,0,2,4,3,4,0,4,0,2,0,4,2,0,1,0,0,0,2,1,3,3,0,0,4,0,2,0,0,0,0,4,0,1
1,7,CHIAPAS,15,CACAHOATAN,41,LA CONCEPCION,-92.179533,15.019604,551,14,*,*,*,*,*,*,*,*,*,*,*,*,*,*,*,*,*,*,*,*,*,*,*,*,*,*,*,*,*,*,*,*,*,*,*,*,*,*,*,*,*,*,*,*,*,*,*,*,*,*,*,*,*,*,*,*,*,*,*,*,*,*,*,*,*,*,*,*,*,*,*,*,*,*,*,*,*,*,*,*,*,*,*,*,*,*,*,*,*,*,*,*,*,*,*,*,*,*,*,*,*,*,*,*,*,*,*,*,*,*,*,*,*,*,*,*,*,*,*,*,*,*,*,*,*,*,*,*,*,*,*,*,*,*,*,*,*,*,*,*,*,*,*,*,*,*,*,*,*,*,*,*,*,*,*,*,*,*,*,*,*,*,*,*,*,*,*,*,*,*,*,*,*,*,*,*,*,*,*,*,*,*,*,*,*,*,*,*,*,*,*,*,*,*,*,*,*,*,*,*,*,*,*,*,*,*,*,*,*,*,*,*,*,*,*,*,*,*,*,*,*,*,2,2,*,*,*,*,*,*,*,*,*,*,*,*,*,*,*,*,*,*,*,*,*,*,*,*,*,*,*,*,*,*,*,*,*,*,*,*,*,*,*,*,*,*,*,*,*,*,*,*,*,*,*,1
1,7,CHIAPAS,15,CACAHOATAN,42,TECOYTAC,-92.168335,15.177705,1623,235,119,116,16,9,7,219,110,109,211,106,105,166,78,88,143,69,74,123,57,66,15,9,6,38,23,15,49,24,25,23,9,14,20,12,8,28,13,15,49,23,8,15,97.48,92,130,13,24,13,11,30,19,11,38,18,20,25,14,11,23,11,12,13,8,5,11,6,5,10,4,6,7,3,4,5,3,2,15,6,9,11,6,5,10,3,7,3,0,3,4,2,2,3,2,1,1,0,1,2,1,1,3.62,233,117,116,0,0,0,211,106,105,0,0,0,56,26,30,0,0,0,56,26,30,56,0,56,164,0,0,0,9,0,1,8,5,0,0,4,2,0,1,1,0,3,1,221,4,2,2,2,1,1,5,2,3,11,7,4,3,1,2,0,0,0,24,15,9,27,15,12,25,9,16,45,22,23,2,1,1,29,14,15,9,5,4,5.35,5.45,5.26,127,53,74,39,25,14,127,53,74,0,0,0,11,224,1,0,0,0,117,156,0,0,80,76,10,224,11,0,0,40,5,35,235,19,216,45,40,45,40,40,40,5,0,235,5.88,1.97,22,18,18,22,3,14,23,37,3,39,0,1,3,0,13,27,11,29,11,0,11,40,8,5,2,2,0,0,0,26,15,0,0,23,2,0,0,0,11,17,38,8,1
2,7,CHIAPAS,15,CACAHOATAN,43,SALVADOR URBINA,-92.209811,15.035649,583,2722,1394,1328,161,77,84,2561,1317,1244,2444,1248,1196,2053,1067,986,1896,981,915,1762,909,853,179,104,75,329,146,183,387,183,204,157,86,71,134,72,62,326,173,153,697,347,163,184,95.27,826,1647,249,278,146,132,275,135,140,273,132,141,241,129,112,219,116,103,190,99,91,188,105,83,177,92,85,168,87,81,132,69,63,124,64,60,110,57,53,98,48,50,71,36,35,48,22,26,59,24,35,32,13,19,39,20,19,2.44,2624,1341,1283,62,34,28,2374,1217,1157,61,29,32,19,5,14,0,0,0,19,5,14,19,0,19,65,9,6,3,126,64,48,28,33,29,31,168,54,93,12,48,5,23,23,2422,84,42,42,11,3,8,15,11,4,105,56,49,79,42,37,18,6,12,177,107,70,166,103,63,290,142,148,297,138,159,48,22,26,528,288,240,507,252,255,7.82,7.72,7.93,1023,281,742,1020,783,237,982,275,707,41,6,35,1053,1669,384,79,4,31,581,594,2,0,626,1140,287,796,1308,0,618,676,173,503,2722,607,2115,888,676,888,676,676,676,195,17,2722,4.03,1.2,645,31,236,440,82,129,465,670,6,661,641,15,125,19,651,9,656,20,647,2,651,512,27,504,295,141,147,29,9,412,570,50,10,591,225,371,7,10,59,83,435,32,5
1,7,CHIAPAS,15,CACAHOATAN,44,SANTA RITA,-92.171194,15.016095,573,8,4,4,0,0,0,8,4,4,8,4,4,7,3,4,6,3,3,6,3,3,0,0,0,1,1,0,1,0,1,1,0,1,0,0,0,1,1,0,3,0,0,0,100,2,6,0,0,0,0,1,1,0,1,0,1,1,1,0,0,0,0,1,1,0,1,0,1,1,1,0,0,0,0,2,0,2,0,0,0,0,0,0,0,0,0,0,0,0,0,0,0,0,0,0,0,0,0,0,0,0,1.33,2,2,0,6,2,4,4,2,2,4,2,2,0,0,0,0,0,0,0,0,0,0,0,0,0,0,0,0,0,0,0,0,0,0,0,2,0,0,0,0,0,2,0,6,0,0,0,0,0,0,0,0,0,0,0,0,0,0,0,0,0,0,0,0,0,0,0,0,0,0,0,3,2,1,0,0,0,3,1,2,0,0,0,7.5,7,8,4,1,3,3,2,1,4,1,3,0,0,0,4,4,0,0,0,0,4,0,0,0,2,4,1,8,0,0,0,3,0,3,8,0,8,3,3,3,3,3,3,0,0,8,2.67,0.89,3,0,3,0,0,1,2,3,0,3,3,0,2,3,2,1,3,0,3,0,3,2,0,1,1,0,1,1,0,2,2,0,0,3,0,1,0,0,1,0,3,0,1
1,7,CHIAPAS,15,CACAHOATAN,49,TOQUIAN LAS NUBES (TOQUIAN GUARUMO),-92.189786,15.050779,633,573,308,265,46,24,22,527,284,243,496,266,230,394,210,184,359,192,167,324,175,149,56,38,18,77,36,41,86,44,42,35,18,17,35,17,18,53,35,18,148,49,25,24,86.04,214,321,38,77,42,35,80,42,38,57,32,25,58,32,26,30,20,10,49,23,26,49,29,20,31,18,13,35,17,18,20,9,11,19,9,10,19,10,9,11,7,4,13,6,7,8,6,2,4,1,3,4,2,2,9,3,6,2.88,558,301,257,4,2,2,479,260,219,9,5,4,23,9,14,0,0,0,23,9,14,23,0,23,79,7,3,4,31,12,18,8,7,9,9,97,29,66,10,23,3,23,4,442,26,13,13,1,1,0,7,4,3,22,14,8,12,10,2,7,1,6,36,24,12,42,19,23,42,21,21,76,39,37,4,1,3,107,63,44,71,38,33,7.35,7.55,7.12,195,49,146,197,160,37,192,49,143,3,0,3,357,216,67,18,1,0,124,6,0,0,142,219,33,180,230,0,163,121,31,90,573,139,434,144,121,144,121,121,121,22,1,573,4.74,1.52,105,16,49,72,17,35,69,116,5,113,60,8,7,94,103,8,112,9,104,1,104,106,17,60,24,6,12,3,2,50,81,4,0,85,12,36,0,0,34,36,107,21,3
2,7,CHIAPAS,15,CACAHOATAN,52,UNION ROJA,-92.215862,15.045632,520,2102,1102,1000,104,51,53,1998,1051,947,1924,1007,917,1602,838,764,1478,769,709,1352,710,642,110,61,49,286,152,134,303,159,144,124,69,55,126,59,67,206,113,93,530,286,133,153,90.74,624,1279,199,178,95,83,229,123,106,217,115,102,180,89,91,152,83,69,141,77,64,133,73,60,144,80,64,116,59,57,126,69,57,107,60,47,93,46,47,87,45,42,64,28,36,41,19,22,37,15,22,31,13,18,26,13,13,2.42,1990,1035,955,75,49,26,1856,969,887,61,36,25,6,2,4,0,0,0,6,2,4,6,0,6,14,5,1,4,129,58,57,25,38,34,25,206,77,136,13,56,8,43,23,1764,50,29,21,13,8,5,9,4,5,103,46,57,48,25,23,15,6,9,158,91,67,146,82,64,228,112,116,204,110,94,32,14,18,467,258,209,341,173,168,7.71,7.62,7.82,744,210,534,854,627,227,736,207,529,8,3,5,981,1121,488,34,1,54,520,3,13,17,511,888,203,641,806,0,655,559,154,405,2102,504,1598,685,559,685,559,559,559,92,34,2102,3.76,1.19,537,22,224,335,77,125,357,551,8,548,533,11,82,61,544,2,552,7,541,2,546,473,9,418,239,97,75,16,82,346,461,56,11,475,32,166,4,7,47,83,490,12,4
1,7,CHIAPAS,15,CACAHOATAN,53,EL ZAPOTE,-92.164741,15.035886,691,21,7,14,0,0,0,21,7,14,20,6,14,20,6,14,20,6,14,20,6,14,1,1,0,0,0,0,0,0,0,0,0,0,0,0,0,7,1,6,6,0,0,0,200,1,20,0,1,1,0,0,0,0,0,0,0,3,0,3,4,1,3,6,3,3,2,1,1,1,0,1,1,0,1,2,1,1,0,0,0,1,0,1,0,0,0,0,0,0,0,0,0,0,0,0,0,0,0,0,0,0,1.17,2,2,0,0,0,0,7,2,5,1,0,1,4,2,2,0,0,0,4,2,2,4,0,4,0,0,0,0,0,0,0,0,0,0,0,0,0,0,0,0,0,0,0,21,1,1,0,0,0,0,0,0,0,0,0,0,0,0,0,0,0,0,4,1,3,5,1,4,1,0,1,12,4,8,0,0,0,0,0,0,2,1,1,5.15,5.83,4.86,7,5,2,1,1,0,7,5,2,0,0,0,21,0,0,0,0,0,0,0,0,0,9,10,1,7,9,0,5,3,1,2,5,2,3,5,4,4,3,3,3,1,0,5,1.67,0.71,3,0,3,0,1,0,2,3,0,3,3,0,3,0,3,0,3,0,3,0,3,3,0,3,0,0,0,0,0,0,3,0,0,3,2,0,0,0,0,0,1,0,1
1,7,CHIAPAS,15,CACAHOATAN,54,SANTA MARIA LA VEGA,-92.1421,15.064279,965,249,122,127,15,8,7,234,114,120,225,107,118,189,94,95,165,79,86,152,74,78,13,9,4,32,11,21,44,21,23,24,15,9,13,5,8,24,9,15,48,45,23,22,104.1,84,136,29,24,15,9,25,11,14,35,17,18,22,9,13,15,5,10,15,9,6,18,10,8,12,4,8,13,7,6,10,4,6,8,6,2,7,2,5,16,9,7,7,5,2,7,1,6,3,2,1,7,3,4,5,3,2,2.99,242,118,124,5,3,2,223,106,117,2,1,1,1,0,1,0,0,0,1,0,1,1,0,1,3,0,0,0,24,12,13,6,6,5,3,11,5,7,0,0,0,2,6,208,3,3,0,0,0,0,3,2,1,9,4,5,2,0,2,5,2,3,29,19,10,23,15,8,26,12,14,23,5,18,6,3,3,65,38,27,17,4,13,6.74,6.48,6.98,83,10,73,106,84,22,83,10,73,0,0,0,52,197,8,2,0,0,187,1,0,0,77,84,28,106,76,0,67,62,22,40,249,88,161,80,62,80,62,62,62,18,0,249,4.02,1.54,56,6,38,24,9,19,34,60,2,59,52,3,6,3,58,1,60,2,57,0,58,59,3,38,11,5,3,1,1,41,51,2,2,37,10,1,0,0,6,24,52,4,1
2,7,CHIAPAS,15,CACAHOATAN,58,BENITO JUAREZ EL PLAN,-92.148098,15.087082,1425,399,184,215,23,14,9,376,170,206,356,160,196,261,125,136,220,115,105,192,104,88,27,12,15,88,33,55,109,33,76,41,10,31,28,11,17,48,32,16,93,23,9,14,116.85,179,202,18,43,24,19,63,26,37,73,19,54,42,21,21,34,22,12,24,12,12,29,16,13,12,5,7,19,10,9,13,7,6,13,6,7,11,7,4,5,1,4,4,0,4,4,3,1,7,4,3,2,1,1,1,0,1,2.79,397,184,213,0,0,0,354,160,194,1,0,1,200,94,106,2,1,1,198,93,105,196,2,194,251,3,2,1,13,3,4,2,6,0,0,24,14,19,9,12,7,12,2,360,12,7,5,3,0,3,3,0,3,16,9,7,8,7,1,1,1,0,23,16,7,17,14,3,21,8,13,35,13,22,10,5,5,89,47,42,44,24,20,7.97,7.98,7.95,230,114,116,31,11,20,230,114,116,0,0,0,4,395,6,8,0,0,290,62,16,15,118,131,12,231,94,0,74,47,4,43,328,30,298,53,48,52,47,47,47,4,1,328,6.98,2.28,38,9,22,25,1,14,32,42,5,45,42,2,0,0,46,1,46,1,41,0,46,42,2,21,13,1,5,0,0,33,33,0,0,36,1,2,0,0,7,11,46,3,2
0,7,CHIAPAS,15,CACAHOATAN,60,ICUL (PLAN CHIAPAS),-92.174321,15.174018,1327,42,22,20,4,3,1,38,19,19,37,19,18,33,16,17,28,14,14,27,14,13,2,1,1,3,2,1,7,3,4,5,2,3,1,0,1,8,6,2,11,4,2,2,90.91,14,24,4,5,3,2,4,3,1,5,2,3,4,2,2,5,4,1,2,1,1,0,0,0,4,0,4,3,2,1,2,2,0,2,1,1,2,0,2,0,0,0,1,1,0,1,0,1,2,1,1,0,0,0,0,0,0,2.75,42,22,20,0,0,0,37,19,18,0,0,0,0,0,0,0,0,0,0,0,0,0,0,0,0,0,0,0,1,0,0,1,0,0,0,0,0,0,0,0,0,0,0,41,2,1,1,1,0,1,4,1,3,0,0,0,1,1,0,1,0,1,8,4,4,6,4,2,2,0,2,18,8,10,0,0,0,2,2,0,0,0,0,4.64,4.71,4.57,14,0,14,19,16,3,10,0,10,4,0,4,17,25,0,0,0,0,24,1,0,0,9,21,3,8,33,0,1,10,1,9,42,2,40,14,10,14,10,10,10,3,1,42,4.2,1.35,9,1,3,7,3,0,7,10,0,10,7,0,0,0,10,0,10,0,10,0,10,9,1,8,4,3,1,0,1,7,8,0,0,7,0,0,0,0,2,3,10,1,1
1,7,CHIAPAS,15,CACAHOATAN,61,LAS NUBES GUATIMOC,-92.151112,15.038704,740,420,223,197,31,11,20,389,212,177,367,201,166,306,169,137,280,150,130,255,136,119,34,17,17,49,26,23,62,41,21,26,19,7,25,14,11,53,28,25,115,43,22,21,88.34,140,250,30,53,22,31,47,26,21,40,25,15,39,24,15,39,18,21,25,16,9,30,17,13,21,10,11,31,20,11,23,10,13,19,8,11,10,5,5,13,6,7,10,7,3,11,6,5,4,1,3,4,2,2,1,0,1,2.49,412,216,196,3,2,1,366,201,165,1,0,1,0,0,0,0,0,0,0,0,0,0,0,0,0,0,0,0,9,3,5,1,1,2,0,16,1,13,0,3,0,1,0,395,18,11,7,2,2,0,1,1,0,23,13,10,13,7,6,2,2,0,38,23,15,30,18,12,33,17,16,44,23,21,7,3,4,86,42,44,68,39,29,7.88,7.87,7.9,148,49,99,158,120,38,148,49,99,0,0,0,227,193,24,12,3,2,148,0,0,4,129,151,26,214,118,0,88,94,25,69,420,112,308,128,94,128,94,94,94,32,2,420,4.47,1.36,86,8,31,63,6,21,67,93,1,93,93,1,7,0,88,4,92,2,91,0,88,78,5,64,22,11,7,9,1,48,76,2,1,64,4,1,0,0,12,29,88,7,2
1,7,CHIAPAS,15,CACAHOATAN,62,PALMIRA,-92.154215,15.017589,617,7,*,*,*,*,*,*,*,*,*,*,*,*,*,*,*,*,*,*,*,*,*,*,*,*,*,*,*,*,*,*,*,*,*,*,*,*,*,*,*,*,*,*,*,*,*,*,*,*,*,*,*,*,*,*,*,*,*,*,*,*,*,*,*,*,*,*,*,*,*,*,*,*,*,*,*,*,*,*,*,*,*,*,*,*,*,*,*,*,*,*,*,*,*,*,*,*,*,*,*,*,*,*,*,*,*,*,*,*,*,*,*,*,*,*,*,*,*,*,*,*,*,*,*,*,*,*,*,*,*,*,*,*,*,*,*,*,*,*,*,*,*,*,*,*,*,*,*,*,*,*,*,*,*,*,*,*,*,*,*,*,*,*,*,*,*,*,*,*,*,*,*,*,*,*,*,*,*,*,*,*,*,*,*,*,*,*,*,*,*,*,*,*,*,*,*,*,*,*,*,*,*,*,*,*,*,*,*,*,*,*,*,*,*,*,*,*,*,*,*,*,*,*,3,2,*,*,*,*,*,*,*,*,*,*,*,*,*,*,*,*,*,*,*,*,*,*,*,*,*,*,*,*,*,*,*,*,*,*,*,*,*,*,*,*,*,*,*,*,*,*,*,*,*,*,*,1
0,7,CHIAPAS,15,CACAHOATAN,63,LAS PULGAS,-92.185078,15.136162,991,14,5,9,2,1,1,12,4,8,12,4,8,12,4,8,12,4,8,10,2,8,0,0,0,0,0,0,0,0,0,0,0,0,2,2,0,1,0,1,2,4,1,3,180,2,10,2,2,1,1,0,0,0,0,0,0,2,2,0,1,0,1,1,0,1,0,0,0,1,0,1,1,0,1,0,0,0,1,1,0,1,0,1,2,1,1,1,0,1,0,0,0,0,0,0,1,0,1,0,0,0,4.5,14,5,9,0,0,0,12,4,8,0,0,0,3,1,2,0,0,0,3,1,2,3,0,3,9,0,0,0,1,0,1,0,1,0,0,0,0,0,0,0,0,0,0,13,0,0,0,0,0,0,0,0,0,1,1,0,0,0,0,0,0,0,2,1,1,2,1,1,4,0,4,4,1,3,0,0,0,1,1,0,0,0,0,4.75,6.5,3.88,12,4,8,0,0,0,12,4,8,0,0,0,4,10,1,0,0,0,8,2,0,0,3,8,1,9,3,0,2,5,0,5,14,0,14,12,5,12,5,5,5,2,5,14,2.8,1.17,2,3,3,2,0,3,2,5,0,5,0,0,3,0,3,2,2,3,2,0,2,5,1,1,0,0,0,0,0,2,0,0,0,2,0,0,0,0,3,3,5,2,1
0,7,CHIAPAS,15,CACAHOATAN,64,PLATANILLO,-92.173886,15.158649,1204,173,84,89,12,7,5,161,77,84,155,74,81,132,66,66,117,58,59,104,52,52,6,3,3,23,8,15,29,12,17,15,8,7,13,6,7,18,7,11,34,31,14,17,105.95,56,91,26,18,10,8,15,6,9,23,10,13,17,8,9,14,5,9,10,6,4,9,5,4,4,2,2,12,6,6,6,2,4,7,4,3,7,6,1,5,4,1,9,4,5,6,2,4,5,1,4,3,2,1,3,1,2,4.11,172,84,88,0,0,0,152,73,79,2,1,1,41,18,23,0,0,0,41,18,23,40,0,40,119,0,0,0,10,7,5,2,2,3,1,6,3,3,1,1,0,0,1,157,0,0,0,1,1,0,0,0,0,8,3,5,3,2,1,1,1,0,34,19,15,38,19,19,14,4,10,22,15,7,5,3,2,19,7,12,15,8,7,5.2,5.38,5.02,125,62,63,7,4,3,125,62,63,0,0,0,17,156,4,0,0,0,135,149,0,0,55,65,12,143,13,0,17,34,6,28,173,30,143,42,34,42,34,34,34,7,1,173,5.09,1.49,30,4,13,21,0,9,25,34,0,34,0,0,7,1,25,9,28,6,28,0,28,32,0,19,7,2,1,1,0,29,20,1,0,28,1,4,0,0,4,6,32,1,1
0,7,CHIAPAS,15,CACAHOATAN,66,RANCHO QUEMADO,-92.170393,15.104653,1498,119,64,55,7,3,4,112,61,51,107,56,51,83,43,40,71,37,34,62,30,32,6,5,1,23,13,10,28,14,14,12,6,6,9,7,2,8,5,3,27,10,5,5,85.94,48,62,9,12,8,4,15,8,7,21,11,10,15,11,4,2,1,1,10,5,5,7,3,4,6,3,3,6,3,3,6,1,5,5,3,2,4,2,2,1,0,1,6,3,3,2,1,1,0,0,0,1,1,0,0,0,0,2.77,115,62,53,2,1,1,104,56,48,1,0,1,11,3,8,0,0,0,11,3,8,11,0,11,35,0,0,0,1,0,0,1,0,0,1,10,6,5,3,1,2,1,1,108,6,5,1,1,0,1,3,1,2,2,1,1,0,0,0,0,0,0,11,8,3,11,7,4,10,2,8,31,18,13,2,1,1,15,9,6,2,0,2,5.35,5.41,5.29,51,16,35,32,27,5,51,16,35,0,0,0,5,114,0,0,0,0,92,22,0,0,36,42,5,77,28,0,14,23,2,21,119,8,111,28,23,28,23,23,23,5,0,119,5.17,2.02,19,4,16,7,1,15,7,20,3,23,18,0,0,0,13,10,23,0,20,0,14,23,5,4,1,1,0,0,0,12,15,1,0,10,0,0,0,0,6,13,22,5,1
1,7,CHIAPAS,15,CACAHOATAN,67,LA PRIMAVERA,-92.177594,14.991672,462,7,*,*,*,*,*,*,*,*,*,*,*,*,*,*,*,*,*,*,*,*,*,*,*,*,*,*,*,*,*,*,*,*,*,*,*,*,*,*,*,*,*,*,*,*,*,*,*,*,*,*,*,*,*,*,*,*,*,*,*,*,*,*,*,*,*,*,*,*,*,*,*,*,*,*,*,*,*,*,*,*,*,*,*,*,*,*,*,*,*,*,*,*,*,*,*,*,*,*,*,*,*,*,*,*,*,*,*,*,*,*,*,*,*,*,*,*,*,*,*,*,*,*,*,*,*,*,*,*,*,*,*,*,*,*,*,*,*,*,*,*,*,*,*,*,*,*,*,*,*,*,*,*,*,*,*,*,*,*,*,*,*,*,*,*,*,*,*,*,*,*,*,*,*,*,*,*,*,*,*,*,*,*,*,*,*,*,*,*,*,*,*,*,*,*,*,*,*,*,*,*,*,*,*,*,*,*,*,*,*,*,*,*,*,*,*,*,*,*,*,*,*,*,2,2,*,*,*,*,*,*,*,*,*,*,*,*,*,*,*,*,*,*,*,*,*,*,*,*,*,*,*,*,*,*,*,*,*,*,*,*,*,*,*,*,*,*,*,*,*,*,*,*,*,*,*,1
2,7,CHIAPAS,15,CACAHOATAN,72,ROSARIO IXTAL,-92.154159,15.007871,568,1009,537,472,61,28,33,948,509,439,905,483,422,764,405,359,690,368,322,625,332,293,64,37,27,120,67,53,157,85,72,74,37,37,65,36,29,97,48,49,270,118,56,62,87.9,319,610,80,104,54,50,99,55,44,116,60,56,85,46,39,77,38,39,77,40,37,74,47,27,78,43,35,62,36,26,37,20,17,45,21,24,37,21,16,38,20,18,28,11,17,17,8,9,17,9,8,8,4,4,10,4,6,2.3,958,509,449,17,7,10,875,469,406,19,10,9,3,2,1,0,0,0,3,2,1,3,0,3,4,1,0,1,11,5,2,6,2,3,6,7,1,5,1,0,0,1,4,990,30,18,12,12,7,5,10,6,4,52,32,20,28,15,13,8,6,2,90,63,27,90,60,30,52,24,28,89,40,49,18,10,8,157,88,69,247,122,125,8.54,8.22,8.91,683,366,317,81,39,42,683,366,317,0,0,0,581,428,191,29,53,33,112,1,5,4,257,407,100,324,489,0,196,255,79,176,1008,261,747,323,256,322,255,255,255,25,42,1008,3.95,1.48,236,19,126,129,17,104,134,253,2,243,236,12,28,239,239,0,240,15,238,2,239,205,9,188,100,63,43,10,8,137,215,29,20,213,31,93,8,4,28,41,215,13,4
1,7,CHIAPAS,15,CACAHOATAN,98,MONTEBELLO,-92.156088,14.994635,504,30,9,21,2,0,2,28,9,19,28,9,19,23,9,14,20,8,12,17,7,10,1,0,1,4,0,4,6,1,5,3,1,2,3,1,2,4,3,1,8,1,0,1,233.33,10,20,0,2,0,2,4,0,4,4,1,3,4,1,3,3,3,0,0,0,0,1,1,0,2,2,0,2,0,2,4,1,3,1,0,1,2,0,2,1,0,1,0,0,0,0,0,0,0,0,0,0,0,0,0,0,0,1.56,23,6,17,1,1,0,22,7,15,0,0,0,0,0,0,0,0,0,0,0,0,0,0,0,0,0,0,0,0,0,0,0,0,0,0,1,0,0,0,1,0,0,0,29,0,0,0,0,0,0,2,1,1,2,1,1,1,1,0,0,0,0,1,0,1,1,0,1,2,0,2,4,2,2,2,0,2,4,1,3,7,5,2,8.7,10.75,7.33,15,5,10,8,4,4,15,5,10,0,0,0,23,7,4,0,0,0,3,0,0,0,10,10,3,1,25,0,4,6,0,6,30,0,30,7,6,7,6,5,6,1,0,30,5,1.45,5,0,2,3,1,0,4,5,0,5,5,0,0,3,5,0,5,0,5,0,5,4,0,5,2,0,0,1,1,4,4,0,0,5,0,1,0,0,0,0,5,0,1
0,7,CHIAPAS,15,CACAHOATAN,100,NUEVA ALIANZA,-92.175975,15.040578,696,173,97,76,13,5,8,160,92,68,157,91,66,132,73,59,127,71,56,121,68,53,7,3,4,21,16,5,14,9,5,5,2,3,6,3,3,27,19,8,51,18,11,7,78.35,46,113,14,16,6,10,21,15,6,9,5,4,17,11,6,16,11,5,16,9,7,10,5,5,6,1,5,13,7,6,11,7,4,15,7,8,5,2,3,4,2,2,5,4,1,4,2,2,2,1,1,0,0,0,3,2,1,2.13,168,96,72,5,1,4,156,91,65,1,0,1,4,3,1,0,0,0,4,3,1,4,0,4,13,0,0,0,15,7,5,2,5,1,2,12,3,8,1,3,0,0,4,145,0,0,0,1,1,0,0,0,0,5,2,3,9,6,3,1,1,0,8,5,3,12,6,6,10,6,4,17,7,10,2,1,1,39,21,18,45,28,17,8.69,9,8.3,77,33,44,55,40,15,76,32,44,1,1,0,62,111,50,8,0,3,50,0,0,1,33,74,25,70,46,0,57,47,17,30,173,48,125,60,47,60,47,47,47,11,2,173,3.68,1.09,47,0,17,30,6,10,31,47,0,47,47,0,12,45,47,0,47,0,47,0,47,41,1,33,16,7,5,1,10,33,41,6,4,40,4,20,1,1,2,5,39,1,1
1,7,CHIAPAS,15,CACAHOATAN,101,EL JARDIN,-92.195887,15.031271,599,21,9,12,2,1,1,19,8,11,19,8,11,16,7,9,14,7,7,14,7,7,0,0,0,3,1,2,4,1,3,2,0,2,0,0,0,4,4,0,6,1,0,1,133.33,7,13,1,2,1,1,2,0,2,3,1,2,2,2,0,2,2,0,2,0,2,1,0,1,3,2,1,0,0,0,0,0,0,1,1,0,2,0,2,0,0,0,1,0,1,0,0,0,0,0,0,0,0,0,0,0,0,2.14,12,5,7,0,0,0,19,8,11,0,0,0,0,0,0,0,0,0,0,0,0,0,0,0,0,0,0,0,0,0,0,0,0,0,0,1,0,1,0,0,0,0,0,20,0,0,0,0,0,0,0,0,0,0,0,0,0,0,0,0,0,0,2,1,1,2,1,1,5,2,3,3,1,2,0,0,0,1,0,1,3,3,0,5.5,6.57,4.43,9,0,9,7,7,0,9,0,9,0,0,0,14,7,0,0,1,0,6,0,0,0,6,10,0,0,15,1,5,3,0,3,21,0,21,3,3,3,3,3,3,0,0,21,7,7,2,1,3,0,3,0,0,3,0,3,3,0,0,2,2,1,3,0,3,0,2,3,0,2,0,1,0,0,0,3,3,0,0,3,0,1,0,0,0,0,3,0,1
1,7,CHIAPAS,15,CACAHOATAN,102,SAN VICENTE,-92.190767,15.031174,611,5,*,*,*,*,*,*,*,*,*,*,*,*,*,*,*,*,*,*,*,*,*,*,*,*,*,*,*,*,*,*,*,*,*,*,*,*,*,*,*,*,*,*,*,*,*,*,*,*,*,*,*,*,*,*,*,*,*,*,*,*,*,*,*,*,*,*,*,*,*,*,*,*,*,*,*,*,*,*,*,*,*,*,*,*,*,*,*,*,*,*,*,*,*,*,*,*,*,*,*,*,*,*,*,*,*,*,*,*,*,*,*,*,*,*,*,*,*,*,*,*,*,*,*,*,*,*,*,*,*,*,*,*,*,*,*,*,*,*,*,*,*,*,*,*,*,*,*,*,*,*,*,*,*,*,*,*,*,*,*,*,*,*,*,*,*,*,*,*,*,*,*,*,*,*,*,*,*,*,*,*,*,*,*,*,*,*,*,*,*,*,*,*,*,*,*,*,*,*,*,*,*,*,*,*,*,*,*,*,*,*,*,*,*,*,*,*,*,*,*,*,*,*,2,2,*,*,*,*,*,*,*,*,*,*,*,*,*,*,*,*,*,*,*,*,*,*,*,*,*,*,*,*,*,*,*,*,*,*,*,*,*,*,*,*,*,*,*,*,*,*,*,*,*,*,*,1
1,7,CHIAPAS,15,CACAHOATAN,103,SAN ANTONIO IXTAL,-92.150318,15.006663,560,4,*,*,*,*,*,*,*,*,*,*,*,*,*,*,*,*,*,*,*,*,*,*,*,*,*,*,*,*,*,*,*,*,*,*,*,*,*,*,*,*,*,*,*,*,*,*,*,*,*,*,*,*,*,*,*,*,*,*,*,*,*,*,*,*,*,*,*,*,*,*,*,*,*,*,*,*,*,*,*,*,*,*,*,*,*,*,*,*,*,*,*,*,*,*,*,*,*,*,*,*,*,*,*,*,*,*,*,*,*,*,*,*,*,*,*,*,*,*,*,*,*,*,*,*,*,*,*,*,*,*,*,*,*,*,*,*,*,*,*,*,*,*,*,*,*,*,*,*,*,*,*,*,*,*,*,*,*,*,*,*,*,*,*,*,*,*,*,*,*,*,*,*,*,*,*,*,*,*,*,*,*,*,*,*,*,*,*,*,*,*,*,*,*,*,*,*,*,*,*,*,*,*,*,*,*,*,*,*,*,*,*,*,*,*,*,*,*,*,*,*,*,*,4,2,*,*,*,*,*,*,*,*,*,*,*,*,*,*,*,*,*,*,*,*,*,*,*,*,*,*,*,*,*,*,*,*,*,*,*,*,*,*,*,*,*,*,*,*,*,*,*,*,*,*,*,1
1,7,CHIAPAS,15,CACAHOATAN,104,TECATE,-92.151803,15.001864,531,3,0,3,0,0,0,3,0,3,3,0,3,3,0,3,3,0,3,3,0,3,0,0,0,0,0,0,0,0,0,0,0,0,0,0,0,0,0,0,0,3,0,3,,0,1,2,0,0,0,0,0,0,0,0,0,0,0,0,0,0,0,0,0,0,0,0,0,0,0,0,0,0,0,0,0,0,0,0,0,0,0,0,1,0,1,2,0,2,0,0,0,0,0,0,0,0,0,0,0,0,,2,0,2,1,0,1,2,0,2,1,0,1,0,0,0,0,0,0,0,0,0,0,0,0,0,0,0,0,0,0,0,0,0,0,0,0,0,0,0,0,0,0,0,3,0,0,0,0,0,0,0,0,0,0,0,0,0,0,0,0,0,0,0,0,0,0,0,0,1,0,1,1,0,1,0,0,0,1,0,1,0,0,0,6,0,6,3,0,3,0,0,0,3,0,3,0,0,0,2,1,1,0,0,0,0,0,0,0,0,2,1,2,1,0,0,3,0,3,3,0,3,9,3,9,3,3,3,4,2,3,1,0.5,3,0,3,0,0,3,0,3,0,3,3,0,1,3,3,0,3,0,3,0,3,2,0,3,2,1,1,0,1,3,2,1,1,3,0,1,0,0,0,0,2,0,1
1,7,CHIAPAS,15,CACAHOATAN,105,MORELOS,-92.195593,15.030443,598,8,*,*,*,*,*,*,*,*,*,*,*,*,*,*,*,*,*,*,*,*,*,*,*,*,*,*,*,*,*,*,*,*,*,*,*,*,*,*,*,*,*,*,*,*,*,*,*,*,*,*,*,*,*,*,*,*,*,*,*,*,*,*,*,*,*,*,*,*,*,*,*,*,*,*,*,*,*,*,*,*,*,*,*,*,*,*,*,*,*,*,*,*,*,*,*,*,*,*,*,*,*,*,*,*,*,*,*,*,*,*,*,*,*,*,*,*,*,*,*,*,*,*,*,*,*,*,*,*,*,*,*,*,*,*,*,*,*,*,*,*,*,*,*,*,*,*,*,*,*,*,*,*,*,*,*,*,*,*,*,*,*,*,*,*,*,*,*,*,*,*,*,*,*,*,*,*,*,*,*,*,*,*,*,*,*,*,*,*,*,*,*,*,*,*,*,*,*,*,*,*,*,*,*,*,*,*,*,*,*,*,*,*,*,*,*,*,*,*,*,*,*,*,3,2,*,*,*,*,*,*,*,*,*,*,*,*,*,*,*,*,*,*,*,*,*,*,*,*,*,*,*,*,*,*,*,*,*,*,*,*,*,*,*,*,*,*,*,*,*,*,*,*,*,*,*,1
1,7,CHIAPAS,15,CACAHOATAN,107,SAN JOSE LAS FLORES,-92.153353,15.021623,629,4,*,*,*,*,*,*,*,*,*,*,*,*,*,*,*,*,*,*,*,*,*,*,*,*,*,*,*,*,*,*,*,*,*,*,*,*,*,*,*,*,*,*,*,*,*,*,*,*,*,*,*,*,*,*,*,*,*,*,*,*,*,*,*,*,*,*,*,*,*,*,*,*,*,*,*,*,*,*,*,*,*,*,*,*,*,*,*,*,*,*,*,*,*,*,*,*,*,*,*,*,*,*,*,*,*,*,*,*,*,*,*,*,*,*,*,*,*,*,*,*,*,*,*,*,*,*,*,*,*,*,*,*,*,*,*,*,*,*,*,*,*,*,*,*,*,*,*,*,*,*,*,*,*,*,*,*,*,*,*,*,*,*,*,*,*,*,*,*,*,*,*,*,*,*,*,*,*,*,*,*,*,*,*,*,*,*,*,*,*,*,*,*,*,*,*,*,*,*,*,*,*,*,*,*,*,*,*,*,*,*,*,*,*,*,*,*,*,*,*,*,*,*,1,1,*,*,*,*,*,*,*,*,*,*,*,*,*,*,*,*,*,*,*,*,*,*,*,*,*,*,*,*,*,*,*,*,*,*,*,*,*,*,*,*,*,*,*,*,*,*,*,*,*,*,*,1
1,7,CHIAPAS,15,CACAHOATAN,109,24 DE JUNIO (LA GALLERA),-92.200748,15.048917,604,148,69,79,17,3,14,131,66,65,123,62,61,97,44,53,87,38,49,77,33,44,12,7,5,22,15,7,22,16,6,10,6,4,10,5,5,20,10,10,30,12,4,8,114.49,61,79,8,25,7,18,20,12,8,16,12,4,16,8,8,14,7,7,12,5,7,11,3,8,9,4,5,5,3,2,2,0,2,3,3,0,3,1,2,4,2,2,1,0,1,2,1,1,4,0,4,0,0,0,1,1,0,3.2,140,66,74,2,2,0,115,59,56,5,3,2,2,1,1,0,0,0,2,1,1,2,0,2,12,0,0,0,4,2,2,1,1,1,1,11,1,6,1,4,0,1,1,133,7,3,4,1,1,0,3,2,1,1,0,1,1,0,1,1,0,1,18,9,9,18,9,9,17,4,13,29,14,15,1,0,1,17,9,8,4,2,2,5.03,5.18,4.92,60,11,49,37,33,4,60,11,49,0,0,0,88,60,0,0,0,0,60,0,0,0,23,64,10,36,67,0,45,31,6,25,148,27,121,45,31,45,31,31,31,8,6,148,4.77,2.03,25,6,21,10,13,7,11,29,2,24,23,7,5,20,26,3,29,2,23,1,26,29,3,12,2,5,2,2,1,17,15,1,0,21,0,5,0,0,8,10,30,4,1
1,7,CHIAPAS,15,CACAHOATAN,110,NUMANCIA,-92.165259,15.024913,625,22,8,14,1,1,0,21,7,14,21,7,14,16,6,10,14,5,9,13,5,8,0,0,0,5,1,4,5,1,4,2,1,1,1,0,1,5,1,4,3,4,2,2,175,8,10,4,1,1,0,3,1,2,4,1,3,4,0,4,2,1,1,0,0,0,0,0,0,3,1,2,0,0,0,1,1,0,0,0,0,0,0,0,0,0,0,2,0,2,2,2,0,0,0,0,0,0,0,0,0,0,5.83,22,8,14,0,0,0,21,7,14,0,0,0,0,0,0,0,0,0,0,0,0,0,0,0,0,0,0,0,0,0,0,0,0,0,0,3,1,2,1,1,0,0,1,19,0,0,0,2,0,2,0,0,0,1,0,1,1,0,1,0,0,0,6,4,2,6,4,2,0,0,0,0,0,0,0,0,0,2,0,2,5,1,4,6.36,2.4,8.56,10,3,7,6,3,3,10,3,7,0,0,0,17,5,1,0,0,1,3,0,0,0,9,4,3,2,4,0,16,4,2,2,22,6,16,5,4,5,4,4,4,1,0,22,5.5,3.67,1,3,3,1,3,0,1,4,0,0,0,4,0,0,4,0,4,0,0,0,4,4,1,1,0,0,0,0,1,0,0,0,0,3,0,0,0,0,4,1,4,1,1
1,7,CHIAPAS,15,CACAHOATAN,111,LA SOLEDAD,-92.177186,15.016158,573,158,84,74,7,3,4,151,81,70,144,79,65,119,65,54,110,58,52,99,52,47,11,4,7,21,12,9,23,15,8,9,7,2,11,6,5,22,10,12,42,15,9,6,88.1,48,100,10,14,5,9,19,9,10,15,12,3,17,9,8,16,7,9,10,8,2,7,2,5,5,3,2,14,8,6,7,5,2,13,4,9,6,3,3,5,4,1,4,2,2,3,1,2,0,0,0,1,1,0,2,1,1,2.34,149,82,67,0,0,0,144,79,65,0,0,0,0,0,0,0,0,0,0,0,0,0,0,0,0,0,0,0,7,3,4,1,3,3,3,16,5,10,1,4,1,1,3,133,2,0,2,1,1,0,4,3,1,8,4,4,2,2,0,0,0,0,27,16,11,29,16,13,21,7,14,20,15,5,7,4,3,16,9,7,13,5,8,5.22,5.24,5.19,61,16,45,57,49,8,60,16,44,1,0,1,86,72,6,1,0,0,65,0,0,0,48,65,6,30,97,0,31,37,7,30,158,19,139,42,37,42,37,37,37,2,3,158,4.27,1.88,33,4,24,13,11,12,14,36,1,35,35,2,2,31,29,5,33,4,30,0,29,31,3,18,4,2,1,5,10,22,30,4,0,29,0,9,0,0,5,8,33,3,1
1,7,CHIAPAS,15,CACAHOATAN,112,LOS PANES,-92.176878,14.992844,471,24,12,12,1,0,1,23,12,11,23,12,11,20,10,10,19,9,10,17,7,10,0,0,0,3,2,1,2,2,0,1,1,0,2,2,0,4,1,3,7,3,2,1,100,5,16,3,1,0,1,2,1,1,2,2,0,5,3,2,1,0,1,3,1,2,1,1,0,1,0,1,3,2,1,1,0,1,0,0,0,1,0,1,0,0,0,1,1,0,0,0,0,1,1,0,0,0,0,1,0,1,1.8,19,9,10,0,0,0,21,11,10,0,0,0,3,1,2,0,0,0,3,1,2,3,0,3,8,0,0,0,2,1,0,1,0,1,0,1,0,0,0,1,0,0,1,21,0,0,0,1,0,1,0,0,0,0,0,0,1,0,1,0,0,0,2,1,1,7,3,4,3,1,2,2,1,1,1,0,1,3,3,0,2,0,2,4.79,4.78,4.8,11,3,8,9,7,2,11,3,8,0,0,0,23,1,0,1,0,0,0,0,0,0,6,10,4,2,16,0,6,7,2,5,24,7,17,7,7,7,7,7,7,0,0,24,3.43,1.2,7,0,3,4,1,2,4,6,1,2,1,5,2,5,6,1,7,0,2,0,6,5,1,4,1,1,2,1,0,3,5,0,0,4,1,1,0,0,2,3,6,2,1
1,7,CHIAPAS,15,CACAHOATAN,114,LA PLATA TRES,-92.180363,15.003905,506,2,*,*,*,*,*,*,*,*,*,*,*,*,*,*,*,*,*,*,*,*,*,*,*,*,*,*,*,*,*,*,*,*,*,*,*,*,*,*,*,*,*,*,*,*,*,*,*,*,*,*,*,*,*,*,*,*,*,*,*,*,*,*,*,*,*,*,*,*,*,*,*,*,*,*,*,*,*,*,*,*,*,*,*,*,*,*,*,*,*,*,*,*,*,*,*,*,*,*,*,*,*,*,*,*,*,*,*,*,*,*,*,*,*,*,*,*,*,*,*,*,*,*,*,*,*,*,*,*,*,*,*,*,*,*,*,*,*,*,*,*,*,*,*,*,*,*,*,*,*,*,*,*,*,*,*,*,*,*,*,*,*,*,*,*,*,*,*,*,*,*,*,*,*,*,*,*,*,*,*,*,*,*,*,*,*,*,*,*,*,*,*,*,*,*,*,*,*,*,*,*,*,*,*,*,*,*,*,*,*,*,*,*,*,*,*,*,*,*,*,*,*,*,1,1,*,*,*,*,*,*,*,*,*,*,*,*,*,*,*,*,*,*,*,*,*,*,*,*,*,*,*,*,*,*,*,*,*,*,*,*,*,*,*,*,*,*,*,*,*,*,*,*,*,*,*,1
1,7,CHIAPAS,15,CACAHOATAN,115,LA GLORIA,-92.156452,15.00391,549,11,4,7,1,0,1,10,4,6,9,3,6,5,2,3,5,2,3,5,2,3,2,1,1,3,1,2,2,1,1,0,0,0,0,0,0,1,1,0,2,0,0,0,175,6,5,0,2,1,1,3,1,2,1,0,1,0,0,0,1,1,0,1,0,1,1,1,0,1,0,1,0,0,0,1,0,1,0,0,0,0,0,0,0,0,0,0,0,0,0,0,0,0,0,0,0,0,0,0,0,0,4,5,1,4,0,0,0,4,1,3,0,0,0,0,0,0,0,0,0,0,0,0,0,0,0,0,0,0,0,0,0,0,0,0,0,0,0,0,0,0,0,0,0,0,11,2,1,1,3,1,2,0,0,0,0,0,0,0,0,0,0,0,0,1,0,1,1,0,1,1,1,0,0,0,0,0,0,0,1,0,1,2,1,1,7.4,7.5,7.33,5,2,3,0,0,0,5,2,3,0,0,0,9,2,1,0,0,0,1,0,0,0,0,4,1,0,5,0,5,3,0,3,11,0,11,4,3,4,3,3,3,0,1,11,3.67,1.83,3,0,3,0,0,3,0,3,0,3,3,0,0,3,3,0,3,0,3,0,3,1,0,2,1,1,1,1,0,3,0,1,0,3,0,0,0,0,0,0,2,0,1
1,7,CHIAPAS,15,CACAHOATAN,120,EL PORVENIR,-92.157454,15.004439,551,12,5,7,0,0,0,12,5,7,12,5,7,12,5,7,11,5,6,10,5,5,0,0,0,0,0,0,1,0,1,1,0,1,1,0,1,0,0,0,2,5,3,2,140,1,7,4,0,0,0,0,0,0,1,0,1,1,0,1,0,0,0,0,0,0,1,0,1,1,1,0,1,1,0,1,0,1,0,0,0,1,0,1,1,1,0,2,1,1,1,0,1,0,0,0,1,1,0,0,0,0,2.4,7,2,5,4,2,2,11,5,6,1,0,1,0,0,0,0,0,0,0,0,0,0,0,0,0,0,0,0,0,0,0,0,0,0,0,0,0,0,0,0,0,0,0,12,0,0,0,0,0,0,0,0,0,1,0,1,0,0,0,0,0,0,0,0,0,0,0,0,0,0,0,1,1,0,0,0,0,2,2,0,7,2,5,13.64,11.2,15.67,10,5,5,2,0,2,10,5,5,0,0,0,1,11,9,2,0,0,0,0,0,0,3,6,3,9,0,0,3,4,2,2,12,7,5,9,4,9,4,4,4,2,3,12,3,0.92,4,0,1,3,0,1,3,4,0,4,4,0,4,4,4,0,4,0,4,0,4,0,0,4,4,4,4,0,0,1,4,3,4,4,4,4,2,0,0,0,0,0,1
1,7,CHIAPAS,15,CACAHOATAN,121,MONTE OREB,-92.159242,15.00389,547,26,13,13,0,0,0,26,13,13,24,12,12,17,10,7,12,6,6,11,5,6,4,1,3,5,2,3,7,5,2,5,4,1,1,1,0,3,1,2,6,0,0,0,100,14,12,0,2,1,1,6,1,5,6,5,1,3,1,2,1,1,0,0,0,0,2,2,0,3,1,2,0,0,0,2,1,1,1,0,1,0,0,0,0,0,0,0,0,0,0,0,0,0,0,0,0,0,0,0,0,0,1.8,24,11,13,0,0,0,24,12,12,0,0,0,0,0,0,0,0,0,0,0,0,0,0,0,0,0,0,0,0,0,0,0,0,0,0,0,0,0,0,0,0,0,0,26,3,0,3,1,0,1,0,0,0,0,0,0,1,0,1,0,0,0,2,1,1,2,1,1,4,2,2,0,0,0,0,0,0,1,1,0,5,2,3,7.92,7.5,8.33,15,9,6,2,1,1,15,9,6,0,0,0,23,3,0,3,0,0,0,0,0,0,8,8,1,12,14,0,0,5,1,4,26,4,22,8,5,8,5,5,5,0,3,26,5.2,1.73,3,2,2,3,0,1,4,5,0,5,4,0,3,5,5,0,5,0,5,0,5,2,0,5,3,1,3,0,0,3,5,1,0,4,1,2,0,0,0,1,4,0,1
1,7,CHIAPAS,15,CACAHOATAN,122,DOLORES,-92.158317,15.003379,545,6,*,*,*,*,*,*,*,*,*,*,*,*,*,*,*,*,*,*,*,*,*,*,*,*,*,*,*,*,*,*,*,*,*,*,*,*,*,*,*,*,*,*,*,*,*,*,*,*,*,*,*,*,*,*,*,*,*,*,*,*,*,*,*,*,*,*,*,*,*,*,*,*,*,*,*,*,*,*,*,*,*,*,*,*,*,*,*,*,*,*,*,*,*,*,*,*,*,*,*,*,*,*,*,*,*,*,*,*,*,*,*,*,*,*,*,*,*,*,*,*,*,*,*,*,*,*,*,*,*,*,*,*,*,*,*,*,*,*,*,*,*,*,*,*,*,*,*,*,*,*,*,*,*,*,*,*,*,*,*,*,*,*,*,*,*,*,*,*,*,*,*,*,*,*,*,*,*,*,*,*,*,*,*,*,*,*,*,*,*,*,*,*,*,*,*,*,*,*,*,*,*,*,*,*,*,*,*,*,*,*,*,*,*,*,*,*,*,*,*,*,*,*,5,2,*,*,*,*,*,*,*,*,*,*,*,*,*,*,*,*,*,*,*,*,*,*,*,*,*,*,*,*,*,*,*,*,*,*,*,*,*,*,*,*,*,*,*,*,*,*,*,*,*,*,*,1
1,7,CHIAPAS,15,CACAHOATAN,124,SAN JOSE COLON,-92.15282,15.019965,623,4,*,*,*,*,*,*,*,*,*,*,*,*,*,*,*,*,*,*,*,*,*,*,*,*,*,*,*,*,*,*,*,*,*,*,*,*,*,*,*,*,*,*,*,*,*,*,*,*,*,*,*,*,*,*,*,*,*,*,*,*,*,*,*,*,*,*,*,*,*,*,*,*,*,*,*,*,*,*,*,*,*,*,*,*,*,*,*,*,*,*,*,*,*,*,*,*,*,*,*,*,*,*,*,*,*,*,*,*,*,*,*,*,*,*,*,*,*,*,*,*,*,*,*,*,*,*,*,*,*,*,*,*,*,*,*,*,*,*,*,*,*,*,*,*,*,*,*,*,*,*,*,*,*,*,*,*,*,*,*,*,*,*,*,*,*,*,*,*,*,*,*,*,*,*,*,*,*,*,*,*,*,*,*,*,*,*,*,*,*,*,*,*,*,*,*,*,*,*,*,*,*,*,*,*,*,*,*,*,*,*,*,*,*,*,*,*,*,*,*,*,*,*,2,1,*,*,*,*,*,*,*,*,*,*,*,*,*,*,*,*,*,*,*,*,*,*,*,*,*,*,*,*,*,*,*,*,*,*,*,*,*,*,*,*,*,*,*,*,*,*,*,*,*,*,*,1
1,7,CHIAPAS,15,CACAHOATAN,127,TOQUIAN Y LAS NUBES,-92.125826,15.084005,1452,521,256,265,21,12,9,500,244,256,477,234,243,397,194,203,355,180,175,332,166,166,41,21,20,62,29,33,83,34,49,42,14,28,23,14,9,64,30,34,129,58,33,25,103.52,166,308,47,44,22,22,61,31,30,61,23,38,49,27,22,38,17,21,32,14,18,37,22,15,33,17,16,31,13,18,34,19,15,26,12,14,17,6,11,11,6,5,12,8,4,10,8,2,15,5,10,4,3,1,6,3,3,3.05,505,246,259,14,9,5,450,221,229,24,13,11,93,40,53,1,1,0,92,39,53,93,1,92,207,0,0,0,46,11,34,3,10,3,7,68,22,53,0,12,1,9,5,406,9,6,3,0,0,0,1,0,1,10,5,5,7,3,4,2,1,1,37,25,12,27,17,10,45,20,25,26,6,20,9,3,6,172,98,74,69,31,38,7.86,7.84,7.89,311,124,187,84,68,16,311,124,187,0,0,0,54,467,22,6,0,0,411,38,0,3,134,217,46,264,186,4,67,118,25,93,521,83,438,151,118,151,118,118,118,29,4,521,4.42,1.29,114,4,38,80,9,21,88,117,1,118,118,0,20,0,111,5,116,2,115,0,113,106,2,57,48,5,12,0,0,75,100,2,5,98,0,0,0,2,12,17,116,2,3
1,7,CHIAPAS,15,CACAHOATAN,128,MIRAMAR,-92.157337,15.078711,1070,303,151,152,24,12,12,279,139,140,270,135,135,228,112,116,205,103,102,183,92,91,13,7,6,38,20,18,50,21,29,23,9,14,22,11,11,37,20,17,74,41,18,23,100.66,98,172,33,33,16,17,28,18,10,37,14,23,36,19,17,23,12,11,21,11,10,15,8,7,13,5,8,14,9,5,18,10,8,13,5,8,11,6,5,8,4,4,14,6,8,7,3,4,3,0,3,2,1,1,7,4,3,3.25,302,151,151,0,0,0,268,134,134,1,1,0,29,8,21,1,0,1,28,8,20,29,1,28,85,0,0,0,21,10,9,11,12,8,8,33,12,24,6,14,9,8,6,246,4,3,1,0,0,0,3,1,2,18,10,8,7,3,4,1,0,1,38,24,14,37,23,14,37,12,25,22,10,12,2,1,1,66,35,31,31,16,15,6.28,6.38,6.18,212,104,108,15,7,8,212,104,108,0,0,0,2,301,245,0,0,0,6,43,0,7,94,112,22,196,41,0,66,56,8,48,303,52,251,66,56,66,56,56,56,8,2,303,5.41,1.7,48,8,24,32,4,17,35,55,1,55,52,1,3,0,52,4,55,1,54,0,55,48,3,28,11,8,6,2,1,39,39,1,5,38,2,12,0,0,9,17,53,4,2
1,7,CHIAPAS,15,CACAHOATAN,129,LAS NUBES LOS PATIOS,-92.140358,15.081428,1269,63,31,32,3,3,0,60,28,32,58,26,32,47,20,27,41,19,22,33,14,19,4,3,1,9,5,4,14,5,9,6,1,5,8,5,3,11,4,7,17,2,0,2,103.23,22,40,1,5,5,0,6,4,2,11,3,8,12,6,6,7,3,4,4,1,3,5,3,2,0,0,0,2,1,1,4,3,1,5,2,3,0,0,0,1,0,1,0,0,0,0,0,0,1,0,1,0,0,0,0,0,0,3.15,62,30,32,0,0,0,58,26,32,0,0,0,18,8,10,0,0,0,18,8,10,18,0,18,36,0,0,0,2,0,2,0,0,0,0,3,1,3,0,1,0,0,1,57,4,3,1,0,0,0,2,0,2,3,3,0,0,0,0,1,1,0,2,0,2,1,0,1,5,1,4,15,7,8,1,1,0,14,8,6,4,1,3,7.39,7.79,7.05,43,17,26,4,3,1,43,17,26,0,0,0,18,45,1,0,0,0,44,0,0,0,27,20,0,29,9,0,25,10,2,8,63,15,48,20,10,20,10,10,10,3,7,63,6.3,3.15,5,5,7,3,2,6,2,9,1,10,0,0,3,0,7,3,10,0,9,0,7,10,1,1,2,0,0,0,0,6,5,0,0,9,0,0,0,0,2,1,10,1,1
2,7,CHIAPAS,15,CACAHOATAN,130,BENITO JUAREZ MONTECRISTO,-92.157453,15.096766,1435,216,103,113,10,2,8,206,101,105,194,94,100,156,76,80,141,69,72,124,58,66,18,11,7,32,14,18,35,15,20,15,7,8,17,11,6,27,14,13,50,25,12,13,109.71,75,126,15,22,9,13,27,14,13,26,11,15,24,17,7,20,8,12,14,5,9,10,6,4,12,5,7,14,5,9,8,4,4,11,6,5,3,1,2,10,6,4,5,0,5,3,3,0,5,2,3,0,0,0,2,1,1,3.32,215,103,112,1,0,1,192,93,99,2,1,1,78,34,44,0,0,0,78,34,44,77,0,77,158,1,1,0,13,6,7,4,3,6,7,13,8,9,4,5,6,6,4,189,7,4,3,0,0,0,4,0,4,14,8,6,2,1,1,4,1,3,19,12,7,21,13,8,24,8,16,31,15,16,3,1,2,41,23,18,16,7,9,6.12,6.1,6.14,150,75,75,6,1,5,150,75,75,0,0,0,16,200,121,0,0,0,79,0,0,0,67,80,9,143,43,0,30,38,5,33,216,23,193,44,38,44,38,38,38,5,1,216,5.68,2.16,26,12,24,14,3,17,18,38,0,38,1,0,0,0,37,1,38,0,38,0,37,38,3,10,3,0,0,0,0,30,26,0,0,22,0,0,0,0,6,15,38,4,1
1,7,CHIAPAS,15,CACAHOATAN,131,SAN CRISTOBAL,-92.173417,15.113758,1606,21,10,11,0,0,0,21,10,11,21,10,11,17,9,8,16,9,7,16,9,7,1,0,1,3,1,2,3,1,2,1,0,1,0,0,0,2,2,0,4,5,2,3,110,5,12,4,0,0,0,3,1,2,2,0,2,1,1,0,1,1,0,2,1,1,1,0,1,0,0,0,1,1,0,0,0,0,3,2,1,2,1,1,1,0,1,0,0,0,0,0,0,0,0,0,4,2,2,0,0,0,3.89,21,10,11,0,0,0,21,10,11,0,0,0,0,0,0,0,0,0,0,0,0,0,0,0,0,0,0,0,5,2,1,0,4,1,0,4,0,2,0,3,0,1,0,12,1,0,1,1,1,0,0,0,0,0,0,0,2,2,0,0,0,0,5,4,1,6,4,2,3,1,2,2,0,2,0,0,0,3,2,1,2,2,0,4.44,5.11,3.57,10,4,6,7,5,2,10,4,6,0,0,0,0,21,2,0,0,0,20,0,0,0,4,10,3,16,2,0,3,6,0,6,21,0,21,8,6,8,6,6,6,2,0,21,3.5,1.31,5,1,4,2,1,2,3,5,1,5,0,1,0,0,4,2,6,0,5,0,4,6,1,2,0,0,0,0,0,5,4,0,0,4,0,0,0,0,1,2,6,1,1
2,7,CHIAPAS,15,CACAHOATAN,133,CANTON PIEDRA PARADA,-92.18555,15.119168,1428,245,124,121,26,15,11,219,109,110,203,101,102,165,80,85,152,72,80,137,66,71,21,10,11,33,19,14,39,22,17,13,8,5,15,6,9,25,17,8,52,25,9,16,97.58,93,137,15,42,23,19,24,16,8,27,13,14,21,11,10,19,12,7,15,8,7,21,9,12,13,6,7,13,4,9,5,2,3,15,10,5,5,1,4,10,4,6,5,2,3,6,1,5,3,1,2,0,0,0,1,1,0,3.24,242,122,120,1,1,0,198,99,99,5,2,3,4,1,3,0,0,0,4,1,3,4,0,4,11,0,0,0,1,1,0,0,0,0,0,9,3,9,1,4,2,2,0,235,19,9,10,5,4,1,3,0,3,10,4,6,0,0,0,3,3,0,33,17,16,39,18,21,15,4,11,45,19,26,2,0,2,37,24,13,10,4,6,5.44,5.86,5.06,136,56,80,29,24,5,136,56,80,0,0,0,42,203,2,0,0,0,191,60,0,0,50,102,13,162,43,0,40,50,5,45,245,26,219,52,50,52,50,50,50,2,0,245,4.9,2.13,39,11,33,17,5,26,19,50,0,50,5,0,1,0,37,13,48,2,48,0,45,50,4,19,13,3,0,0,0,33,36,0,1,36,0,0,0,0,7,14,50,4,1
1,7,CHIAPAS,15,CACAHOATAN,134,LA LAGUNA SECA,-92.162913,15.187781,1806,45,20,25,3,2,1,42,18,24,38,17,21,30,15,15,25,13,12,22,12,10,5,1,4,7,2,5,10,3,7,5,2,3,3,1,2,3,2,1,9,5,2,3,125,20,21,4,7,3,4,6,1,5,7,3,4,4,2,2,2,1,1,4,3,1,2,2,0,1,0,1,3,0,3,2,1,1,1,1,0,1,1,0,1,0,1,1,0,1,1,1,0,1,1,0,1,0,1,0,0,0,3.67,43,19,24,1,0,1,37,17,20,0,0,0,9,4,5,0,0,0,9,4,5,9,0,9,40,0,0,0,0,0,0,0,0,0,0,1,0,1,0,0,0,0,0,44,1,0,1,1,1,0,1,1,0,2,0,2,0,0,0,1,1,0,7,6,1,6,5,1,8,4,4,6,3,3,1,0,1,2,1,1,1,0,1,4.04,2.85,5.33,23,10,13,7,5,2,23,10,13,0,0,0,4,41,0,0,0,0,37,6,0,0,14,14,2,40,5,0,0,7,1,6,45,5,40,10,7,10,7,7,7,3,0,45,6.43,2.14,4,3,3,4,0,3,4,7,0,7,0,0,0,0,1,6,1,6,1,0,1,7,2,0,0,0,0,0,0,5,0,0,0,4,0,0,0,0,2,3,7,2,1
1,7,CHIAPAS,15,CACAHOATAN,136,SAN MIGUEL,-92.167932,15.169222,1380,124,60,64,10,6,4,114,54,60,108,51,57,86,39,47,75,36,39,66,32,34,9,6,3,19,9,10,25,10,15,11,3,8,9,4,5,13,4,9,23,16,8,8,106.67,49,65,10,16,9,7,17,10,7,16,5,11,13,6,7,9,2,7,6,3,3,8,5,3,7,3,4,2,2,0,6,2,4,4,3,1,4,2,2,6,2,4,4,2,2,2,1,1,1,1,0,0,0,0,3,2,1,4.23,123,59,64,1,1,0,108,51,57,0,0,0,45,19,26,0,0,0,44,19,25,45,0,44,110,1,0,1,1,1,0,1,1,1,1,7,2,5,3,2,0,3,2,116,2,2,0,0,0,0,0,0,0,4,2,2,1,1,0,0,0,0,17,11,6,15,12,3,21,8,13,13,5,8,2,0,2,17,7,10,5,3,2,5.01,4.42,5.56,83,38,45,3,1,2,83,38,45,0,0,0,6,118,0,0,0,0,102,114,0,0,33,41,12,86,20,0,18,23,4,19,124,15,109,29,23,29,23,23,23,6,0,124,5.39,1.85,21,2,11,12,1,10,12,23,0,23,12,0,4,0,14,9,13,10,13,0,13,21,2,9,0,1,2,1,0,19,17,0,0,15,2,6,0,0,2,8,21,2,1
1,7,CHIAPAS,15,CACAHOATAN,137,BUENOS AIRES,-92.194086,15.131848,970,1,*,*,*,*,*,*,*,*,*,*,*,*,*,*,*,*,*,*,*,*,*,*,*,*,*,*,*,*,*,*,*,*,*,*,*,*,*,*,*,*,*,*,*,*,*,*,*,*,*,*,*,*,*,*,*,*,*,*,*,*,*,*,*,*,*,*,*,*,*,*,*,*,*,*,*,*,*,*,*,*,*,*,*,*,*,*,*,*,*,*,*,*,*,*,*,*,*,*,*,*,*,*,*,*,*,*,*,*,*,*,*,*,*,*,*,*,*,*,*,*,*,*,*,*,*,*,*,*,*,*,*,*,*,*,*,*,*,*,*,*,*,*,*,*,*,*,*,*,*,*,*,*,*,*,*,*,*,*,*,*,*,*,*,*,*,*,*,*,*,*,*,*,*,*,*,*,*,*,*,*,*,*,*,*,*,*,*,*,*,*,*,*,*,*,*,*,*,*,*,*,*,*,*,*,*,*,*,*,*,*,*,*,*,*,*,*,*,*,*,*,*,*,1,1,*,*,*,*,*,*,*,*,*,*,*,*,*,*,*,*,*,*,*,*,*,*,*,*,*,*,*,*,*,*,*,*,*,*,*,*,*,*,*,*,*,*,*,*,*,*,*,*,*,*,*,1
1,7,CHIAPAS,15,CACAHOATAN,139,LA VEGA DEL CAOTAN,-92.21556,15.07389,506,62,26,36,6,3,3,56,23,33,52,23,29,38,16,22,36,15,21,33,14,19,7,1,6,11,6,5,9,5,4,2,1,1,3,1,2,8,4,4,13,2,0,2,138.46,26,34,2,10,3,7,11,6,5,5,2,3,6,2,4,5,3,2,8,3,5,3,1,2,3,1,2,3,2,1,2,1,1,3,1,2,1,1,0,0,0,0,1,0,1,1,0,1,0,0,0,0,0,0,0,0,0,2.56,56,21,35,0,0,0,51,23,28,0,0,0,1,0,1,0,0,0,1,0,1,1,0,1,6,0,0,0,0,0,0,0,0,0,0,0,0,0,0,0,0,0,1,61,7,1,6,4,3,1,1,1,0,1,0,1,0,0,0,2,1,1,10,5,5,13,7,6,3,1,2,13,4,9,0,0,0,3,1,2,4,2,2,4.39,3.87,4.76,22,3,19,16,13,3,22,3,19,0,0,0,58,4,0,0,0,0,4,0,0,0,12,25,1,7,19,0,36,10,2,8,62,13,49,11,10,11,10,10,10,1,0,62,6.2,2.95,8,2,7,3,4,3,3,10,0,10,10,0,0,5,5,5,10,0,10,0,5,9,1,4,2,0,1,0,0,7,6,0,0,2,0,0,0,0,2,8,10,1,1
1,7,CHIAPAS,15,CACAHOATAN,140,PUENTE COLORADO,-92.142246,15.036138,694,258,138,120,9,7,2,249,131,118,237,126,111,196,109,87,178,99,79,161,88,73,15,6,9,38,16,22,38,19,19,18,10,8,17,11,6,29,16,13,71,31,17,14,86.96,80,160,18,21,12,9,32,13,19,27,14,13,26,16,10,20,11,9,20,12,8,17,9,8,13,7,6,16,9,7,14,7,7,13,8,5,8,3,5,13,7,6,2,1,1,5,4,1,4,1,3,3,1,2,4,3,1,2.38,256,137,119,1,1,0,237,126,111,0,0,0,0,0,0,0,0,0,0,0,0,0,0,0,0,1,0,1,7,5,2,1,1,1,0,15,6,11,0,4,0,2,0,236,8,4,4,1,0,1,2,1,1,11,7,4,5,3,2,3,2,1,23,16,7,21,14,7,13,8,5,26,12,14,7,5,2,54,27,27,50,28,22,8.25,8.02,8.53,97,33,64,99,76,23,97,33,64,0,0,0,155,103,28,10,0,0,57,0,0,8,76,108,12,28,174,2,54,56,15,41,258,70,188,71,56,71,56,56,56,11,4,258,4.61,1.33,49,7,17,39,5,10,41,56,0,56,56,0,6,1,55,1,56,0,56,0,55,47,2,43,22,7,8,1,0,20,47,1,0,40,2,1,0,0,7,16,54,3,2
1,7,CHIAPAS,15,CACAHOATAN,146,BOLIVAR,-92.167291,15.018604,587,1,*,*,*,*,*,*,*,*,*,*,*,*,*,*,*,*,*,*,*,*,*,*,*,*,*,*,*,*,*,*,*,*,*,*,*,*,*,*,*,*,*,*,*,*,*,*,*,*,*,*,*,*,*,*,*,*,*,*,*,*,*,*,*,*,*,*,*,*,*,*,*,*,*,*,*,*,*,*,*,*,*,*,*,*,*,*,*,*,*,*,*,*,*,*,*,*,*,*,*,*,*,*,*,*,*,*,*,*,*,*,*,*,*,*,*,*,*,*,*,*,*,*,*,*,*,*,*,*,*,*,*,*,*,*,*,*,*,*,*,*,*,*,*,*,*,*,*,*,*,*,*,*,*,*,*,*,*,*,*,*,*,*,*,*,*,*,*,*,*,*,*,*,*,*,*,*,*,*,*,*,*,*,*,*,*,*,*,*,*,*,*,*,*,*,*,*,*,*,*,*,*,*,*,*,*,*,*,*,*,*,*,*,*,*,*,*,*,*,*,*,*,*,1,1,*,*,*,*,*,*,*,*,*,*,*,*,*,*,*,*,*,*,*,*,*,*,*,*,*,*,*,*,*,*,*,*,*,*,*,*,*,*,*,*,*,*,*,*,*,*,*,*,*,*,*,1
1,7,CHIAPAS,15,CACAHOATAN,148,LA LIBERTAD,-92.156726,15.02025,626,8,*,*,*,*,*,*,*,*,*,*,*,*,*,*,*,*,*,*,*,*,*,*,*,*,*,*,*,*,*,*,*,*,*,*,*,*,*,*,*,*,*,*,*,*,*,*,*,*,*,*,*,*,*,*,*,*,*,*,*,*,*,*,*,*,*,*,*,*,*,*,*,*,*,*,*,*,*,*,*,*,*,*,*,*,*,*,*,*,*,*,*,*,*,*,*,*,*,*,*,*,*,*,*,*,*,*,*,*,*,*,*,*,*,*,*,*,*,*,*,*,*,*,*,*,*,*,*,*,*,*,*,*,*,*,*,*,*,*,*,*,*,*,*,*,*,*,*,*,*,*,*,*,*,*,*,*,*,*,*,*,*,*,*,*,*,*,*,*,*,*,*,*,*,*,*,*,*,*,*,*,*,*,*,*,*,*,*,*,*,*,*,*,*,*,*,*,*,*,*,*,*,*,*,*,*,*,*,*,*,*,*,*,*,*,*,*,*,*,*,*,*,*,2,2,*,*,*,*,*,*,*,*,*,*,*,*,*,*,*,*,*,*,*,*,*,*,*,*,*,*,*,*,*,*,*,*,*,*,*,*,*,*,*,*,*,*,*,*,*,*,*,*,*,*,*,1
1,7,CHIAPAS,15,CACAHOATAN,159,LA ATLANTIDA,-92.161974,15.003762,542,60,30,30,1,1,0,59,29,30,57,29,28,47,23,24,42,20,22,34,18,16,2,0,2,10,6,4,13,8,5,5,3,2,8,2,6,11,6,5,19,2,0,2,100,18,40,2,3,1,2,3,2,1,12,7,5,12,4,8,7,4,3,0,0,0,5,4,1,4,2,2,8,4,4,1,1,0,3,1,2,0,0,0,0,0,0,2,0,2,0,0,0,0,0,0,0,0,0,0,0,0,1.78,53,26,27,3,2,1,57,29,28,0,0,0,0,0,0,0,0,0,0,0,0,0,0,0,0,0,0,0,0,0,0,0,0,0,0,4,1,2,1,0,0,0,0,56,1,0,1,0,0,0,2,1,1,7,2,5,3,1,2,0,0,0,1,1,0,2,2,0,7,4,3,5,4,1,2,0,2,7,2,5,16,6,10,8.74,7.7,9.68,24,9,15,23,14,9,23,9,14,1,0,1,27,33,10,3,3,0,18,0,0,0,20,22,5,17,20,0,23,14,4,10,60,17,43,20,14,20,14,14,14,5,1,60,4.29,1.54,11,3,4,10,2,3,9,14,0,13,4,1,2,11,13,1,14,0,13,0,13,9,0,13,8,6,5,2,0,9,12,1,1,14,1,4,0,0,1,0,12,0,1
1,7,CHIAPAS,15,CACAHOATAN,162,REGALO DE DIOS,-92.137372,15.022855,596,8,*,*,*,*,*,*,*,*,*,*,*,*,*,*,*,*,*,*,*,*,*,*,*,*,*,*,*,*,*,*,*,*,*,*,*,*,*,*,*,*,*,*,*,*,*,*,*,*,*,*,*,*,*,*,*,*,*,*,*,*,*,*,*,*,*,*,*,*,*,*,*,*,*,*,*,*,*,*,*,*,*,*,*,*,*,*,*,*,*,*,*,*,*,*,*,*,*,*,*,*,*,*,*,*,*,*,*,*,*,*,*,*,*,*,*,*,*,*,*,*,*,*,*,*,*,*,*,*,*,*,*,*,*,*,*,*,*,*,*,*,*,*,*,*,*,*,*,*,*,*,*,*,*,*,*,*,*,*,*,*,*,*,*,*,*,*,*,*,*,*,*,*,*,*,*,*,*,*,*,*,*,*,*,*,*,*,*,*,*,*,*,*,*,*,*,*,*,*,*,*,*,*,*,*,*,*,*,*,*,*,*,*,*,*,*,*,*,*,*,*,*,*,4,1,*,*,*,*,*,*,*,*,*,*,*,*,*,*,*,*,*,*,*,*,*,*,*,*,*,*,*,*,*,*,*,*,*,*,*,*,*,*,*,*,*,*,*,*,*,*,*,*,*,*,*,1
1,7,CHIAPAS,15,CACAHOATAN,164,EL MANGUITO,-92.22026,15.033961,491,229,123,106,11,7,4,218,116,102,200,108,92,156,86,70,143,82,61,136,76,60,27,12,15,35,18,17,38,16,22,13,4,9,7,6,1,24,14,10,60,22,10,12,86.18,86,129,14,29,15,14,37,19,18,20,7,13,16,12,4,15,8,7,16,13,3,18,9,9,15,7,8,11,6,5,8,5,3,10,6,4,12,6,6,8,5,3,4,3,1,3,1,2,3,1,2,0,0,0,4,0,4,2.65,220,121,99,6,1,5,191,105,86,6,2,4,3,1,2,1,1,0,2,0,2,3,1,2,10,0,0,0,10,1,5,0,4,0,1,11,4,5,2,4,1,2,5,203,12,5,7,0,0,0,1,0,1,5,4,1,8,5,3,2,0,2,14,9,5,16,10,6,35,16,19,17,9,8,3,2,1,35,21,14,33,20,13,7.01,7.44,6.43,86,26,60,70,60,10,86,26,60,0,0,0,73,156,37,0,5,1,112,1,1,0,41,88,27,80,98,0,51,60,17,43,229,48,181,79,60,79,60,60,60,8,11,229,3.82,1.51,58,2,30,30,17,12,31,59,1,51,50,9,4,53,58,2,60,0,51,0,58,50,0,46,11,2,6,5,8,36,44,0,0,52,0,22,0,0,9,8,60,2,1
1,7,CHIAPAS,15,CACAHOATAN,165,BRASIL,-92.181752,15.145394,997,13,6,7,0,0,0,13,6,7,12,5,7,10,5,5,9,4,5,9,4,5,2,1,1,1,0,1,2,1,1,1,1,0,0,0,0,4,2,2,3,2,0,2,116.67,4,7,2,1,1,0,1,0,1,2,1,1,0,0,0,4,2,2,0,0,0,1,0,1,1,1,0,0,0,0,0,0,0,0,0,0,1,1,0,0,0,0,1,0,1,0,0,0,0,0,0,0,0,0,1,0,1,2.8,13,6,7,0,0,0,12,5,7,0,0,0,2,0,2,0,0,0,2,0,2,2,0,2,8,0,0,0,0,0,0,0,0,0,0,1,0,1,0,1,0,0,0,12,1,1,0,0,0,0,0,0,0,0,0,0,1,1,0,0,0,0,4,1,3,4,1,3,0,0,0,2,2,0,0,0,0,3,1,2,0,0,0,4.33,5.25,3.6,10,5,5,0,0,0,10,5,5,0,0,0,1,12,0,0,0,0,10,12,0,0,5,5,0,13,0,0,0,3,0,3,13,0,13,3,3,3,3,3,3,0,0,13,4.33,1.3,3,0,0,3,0,0,3,3,0,3,0,0,1,1,3,0,3,0,3,0,3,3,0,1,2,0,0,0,0,2,2,0,0,3,0,1,0,0,1,0,3,0,1
1,7,CHIAPAS,15,CACAHOATAN,166,EL PORVENIR,-92.190112,15.029986,606,19,9,10,0,0,0,19,9,10,19,9,10,15,7,8,15,7,8,15,7,8,0,0,0,4,2,2,2,0,2,0,0,0,0,0,0,0,0,0,4,2,1,1,111.11,4,14,1,0,0,0,2,2,0,2,0,2,0,0,0,0,0,0,3,1,2,1,0,1,2,1,1,2,1,1,1,1,0,0,0,0,4,2,2,1,0,1,1,1,0,0,0,0,0,0,0,0,0,0,0,0,0,3.14,19,9,10,0,0,0,19,9,10,0,0,0,0,0,0,0,0,0,0,0,0,0,0,0,0,0,0,0,1,0,0,0,1,0,0,0,0,0,0,0,0,0,0,18,0,0,0,0,0,0,0,0,0,0,0,0,0,0,0,0,0,0,3,2,1,3,2,1,5,3,2,0,0,0,0,0,0,3,1,2,4,1,3,5.87,4,7.5,8,0,8,7,7,0,8,0,8,0,0,0,10,9,3,0,0,0,6,0,0,0,2,11,2,2,11,0,6,5,1,4,19,2,17,7,5,7,5,5,5,1,1,19,3.8,2.38,5,0,3,2,3,1,1,5,0,5,5,0,0,4,5,0,5,0,5,0,5,4,0,4,1,0,1,0,1,5,3,0,0,5,0,0,0,0,0,0,5,0,1
2,7,CHIAPAS,15,CACAHOATAN,167,SALVADOR URBINA (ISHCANALERO),-92.189111,15.034682,624,88,39,49,5,3,2,83,36,47,80,34,46,65,29,36,60,28,32,49,26,23,5,3,2,13,4,9,16,5,11,5,1,4,11,2,9,6,4,2,23,10,4,6,125.64,28,52,8,8,5,3,11,4,7,9,2,7,14,5,9,3,1,2,8,4,4,5,3,2,5,3,2,8,5,3,5,2,3,2,1,1,0,0,0,2,1,1,3,1,2,2,1,1,2,0,2,1,1,0,0,0,0,2.62,82,37,45,0,0,0,80,34,46,0,0,0,0,0,0,0,0,0,0,0,0,0,0,0,0,0,0,0,5,1,2,1,2,1,0,6,0,4,0,3,0,1,1,76,2,2,0,1,0,1,1,0,1,7,2,5,3,3,0,4,1,3,9,4,5,10,5,5,11,5,6,6,3,3,3,0,3,17,7,10,12,7,5,6.58,6.68,6.5,41,9,32,23,20,3,41,9,32,0,0,0,41,47,9,0,0,0,38,0,0,0,24,32,9,11,42,0,35,19,3,16,88,20,68,22,19,22,19,19,19,3,0,88,4.63,2.05,13,6,14,5,7,6,6,19,0,15,14,4,0,9,16,3,19,0,15,0,16,17,1,7,0,1,1,1,1,9,11,0,0,17,0,1,0,0,3,2,19,1,1
1,7,CHIAPAS,15,CACAHOATAN,168,AGUA TIBIA,-92.138221,15.155267,1993,39,21,18,3,0,3,36,21,15,33,19,14,21,12,9,16,9,7,14,7,7,5,4,1,10,5,5,13,6,7,5,3,2,2,2,0,4,2,2,8,1,1,0,85.71,23,15,1,6,2,4,9,6,3,8,4,4,3,2,1,3,2,1,1,0,1,0,0,0,1,0,1,6,4,2,1,0,1,0,0,0,0,0,0,0,0,0,1,1,0,0,0,0,0,0,0,0,0,0,0,0,0,4,39,21,18,0,0,0,33,19,14,0,0,0,6,3,3,0,0,0,6,3,3,6,0,6,29,0,0,0,0,0,0,0,0,0,0,1,1,1,0,0,0,1,0,38,0,0,0,0,0,0,0,0,0,2,2,0,1,0,1,0,0,0,2,2,0,1,1,0,5,2,3,3,2,1,2,1,1,3,2,1,1,0,1,6.38,6.33,6.43,19,10,9,2,2,0,19,10,9,0,0,0,0,39,0,0,0,0,36,39,0,0,8,12,1,32,0,0,7,5,1,4,39,6,33,7,5,7,5,5,5,2,0,39,7.8,2.6,5,0,2,3,0,2,3,5,0,5,0,0,0,1,3,2,5,0,5,0,5,5,1,1,0,0,0,0,0,2,1,0,0,3,0,0,0,0,3,2,5,1,1
1,7,CHIAPAS,15,CACAHOATAN,169,LA BOQUILLA,-92.206676,15.096131,672,131,69,62,11,7,4,120,62,58,115,59,56,89,49,40,82,44,38,78,43,35,8,4,4,23,9,14,22,11,11,7,5,2,4,1,3,15,11,4,34,13,5,8,89.86,49,72,10,16,10,6,22,8,14,11,7,4,8,5,3,11,7,4,17,8,9,7,6,1,4,3,1,4,2,2,9,3,6,4,2,2,5,3,2,3,1,2,6,2,4,3,2,1,0,0,0,1,0,1,0,0,0,2.45,130,68,62,0,0,0,115,59,56,0,0,0,3,2,1,0,0,0,3,2,1,3,0,3,8,1,0,1,1,1,0,0,0,0,0,2,0,0,0,1,1,0,0,128,8,4,4,2,0,2,1,1,0,3,1,2,2,2,0,1,1,0,18,10,8,19,11,8,19,8,11,14,7,7,0,0,0,18,9,9,11,8,3,5.3,5.64,4.92,47,12,35,42,37,5,47,12,35,0,0,0,106,25,1,0,0,0,24,0,0,0,33,44,12,59,32,0,39,25,8,17,131,35,96,37,25,37,25,25,25,11,1,131,5.24,2.15,22,3,17,8,6,9,10,25,0,25,17,0,2,1,22,2,23,2,23,0,22,23,0,15,4,2,2,0,0,16,22,0,0,17,1,3,0,0,2,8,24,0,1
1,7,CHIAPAS,15,CACAHOATAN,173,LA LAGUNA,-92.135769,15.164827,1858,34,11,23,1,1,0,33,10,23,32,10,22,26,9,17,22,8,14,21,7,14,2,0,2,5,1,4,7,2,5,4,1,3,1,1,0,4,1,3,6,6,1,5,209.09,12,18,4,2,1,1,5,1,4,5,1,4,3,1,2,2,1,1,2,2,0,3,0,3,3,2,1,1,0,1,0,0,0,2,1,1,0,0,0,2,1,1,0,0,0,2,0,2,2,0,2,0,0,0,0,0,0,3.56,34,11,23,0,0,0,32,10,22,0,0,0,12,3,9,0,0,0,12,3,9,12,0,12,28,0,0,0,0,0,0,0,0,0,0,2,2,0,0,1,0,0,0,32,1,0,1,1,1,0,3,1,2,0,0,0,0,0,0,3,2,1,11,6,5,7,3,4,9,4,5,3,1,2,0,0,0,2,0,2,1,0,1,2.86,1.63,3.57,25,9,16,1,0,1,25,9,16,0,0,0,0,34,0,0,0,0,16,34,0,0,13,10,3,20,9,0,5,6,1,5,34,2,32,6,6,6,6,6,6,0,0,34,5.67,2.83,3,3,6,0,0,6,0,1,5,6,0,0,0,0,2,4,3,3,1,0,3,6,5,0,0,0,0,0,0,1,1,0,0,1,0,0,0,0,5,5,6,5,1
1,7,CHIAPAS,15,CACAHOATAN,174,ESQUIPULAS,-92.156207,15.020505,628,7,*,*,*,*,*,*,*,*,*,*,*,*,*,*,*,*,*,*,*,*,*,*,*,*,*,*,*,*,*,*,*,*,*,*,*,*,*,*,*,*,*,*,*,*,*,*,*,*,*,*,*,*,*,*,*,*,*,*,*,*,*,*,*,*,*,*,*,*,*,*,*,*,*,*,*,*,*,*,*,*,*,*,*,*,*,*,*,*,*,*,*,*,*,*,*,*,*,*,*,*,*,*,*,*,*,*,*,*,*,*,*,*,*,*,*,*,*,*,*,*,*,*,*,*,*,*,*,*,*,*,*,*,*,*,*,*,*,*,*,*,*,*,*,*,*,*,*,*,*,*,*,*,*,*,*,*,*,*,*,*,*,*,*,*,*,*,*,*,*,*,*,*,*,*,*,*,*,*,*,*,*,*,*,*,*,*,*,*,*,*,*,*,*,*,*,*,*,*,*,*,*,*,*,*,*,*,*,*,*,*,*,*,*,*,*,*,*,*,*,*,*,*,1,1,*,*,*,*,*,*,*,*,*,*,*,*,*,*,*,*,*,*,*,*,*,*,*,*,*,*,*,*,*,*,*,*,*,*,*,*,*,*,*,*,*,*,*,*,*,*,*,*,*,*,*,1
1,7,CHIAPAS,15,CACAHOATAN,175,LA PAZ,-92.174225,15.007621,536,6,*,*,*,*,*,*,*,*,*,*,*,*,*,*,*,*,*,*,*,*,*,*,*,*,*,*,*,*,*,*,*,*,*,*,*,*,*,*,*,*,*,*,*,*,*,*,*,*,*,*,*,*,*,*,*,*,*,*,*,*,*,*,*,*,*,*,*,*,*,*,*,*,*,*,*,*,*,*,*,*,*,*,*,*,*,*,*,*,*,*,*,*,*,*,*,*,*,*,*,*,*,*,*,*,*,*,*,*,*,*,*,*,*,*,*,*,*,*,*,*,*,*,*,*,*,*,*,*,*,*,*,*,*,*,*,*,*,*,*,*,*,*,*,*,*,*,*,*,*,*,*,*,*,*,*,*,*,*,*,*,*,*,*,*,*,*,*,*,*,*,*,*,*,*,*,*,*,*,*,*,*,*,*,*,*,*,*,*,*,*,*,*,*,*,*,*,*,*,*,*,*,*,*,*,*,*,*,*,*,*,*,*,*,*,*,*,*,*,*,*,*,*,3,2,*,*,*,*,*,*,*,*,*,*,*,*,*,*,*,*,*,*,*,*,*,*,*,*,*,*,*,*,*,*,*,*,*,*,*,*,*,*,*,*,*,*,*,*,*,*,*,*,*,*,*,1
1,7,CHIAPAS,15,CACAHOATAN,176,PLATA UNO,-92.174409,15.006371,528,6,*,*,*,*,*,*,*,*,*,*,*,*,*,*,*,*,*,*,*,*,*,*,*,*,*,*,*,*,*,*,*,*,*,*,*,*,*,*,*,*,*,*,*,*,*,*,*,*,*,*,*,*,*,*,*,*,*,*,*,*,*,*,*,*,*,*,*,*,*,*,*,*,*,*,*,*,*,*,*,*,*,*,*,*,*,*,*,*,*,*,*,*,*,*,*,*,*,*,*,*,*,*,*,*,*,*,*,*,*,*,*,*,*,*,*,*,*,*,*,*,*,*,*,*,*,*,*,*,*,*,*,*,*,*,*,*,*,*,*,*,*,*,*,*,*,*,*,*,*,*,*,*,*,*,*,*,*,*,*,*,*,*,*,*,*,*,*,*,*,*,*,*,*,*,*,*,*,*,*,*,*,*,*,*,*,*,*,*,*,*,*,*,*,*,*,*,*,*,*,*,*,*,*,*,*,*,*,*,*,*,*,*,*,*,*,*,*,*,*,*,*,*,1,1,*,*,*,*,*,*,*,*,*,*,*,*,*,*,*,*,*,*,*,*,*,*,*,*,*,*,*,*,*,*,*,*,*,*,*,*,*,*,*,*,*,*,*,*,*,*,*,*,*,*,*,1
1,7,CHIAPAS,15,CACAHOATAN,177,LUPITA,-92.155956,15.022009,635,35,21,14,3,3,0,32,18,14,29,15,14,26,12,14,26,12,14,25,12,13,3,3,0,3,3,0,2,2,0,0,0,0,1,0,1,4,1,3,10,4,2,2,66.67,9,22,4,6,6,0,2,2,0,1,1,0,3,1,2,2,0,2,3,3,0,3,0,3,5,3,2,2,1,1,3,2,1,0,0,0,1,0,1,0,0,0,1,1,0,1,0,1,1,1,0,1,0,1,0,0,0,3.08,35,21,14,0,0,0,29,15,14,0,0,0,0,0,0,0,0,0,0,0,0,0,0,0,0,0,0,0,0,0,0,0,0,0,0,3,2,2,0,0,0,0,0,32,3,3,0,0,0,0,0,0,0,0,0,0,1,1,0,0,0,0,1,1,0,1,1,0,1,1,0,8,4,4,0,0,0,6,3,3,10,3,7,8.77,7.33,10,17,4,13,9,8,1,17,4,13,0,0,0,25,10,1,0,0,0,9,0,0,0,7,18,1,0,34,0,1,7,1,6,35,4,31,9,7,9,7,7,7,2,0,35,5,1.59,5,2,3,4,1,2,4,7,0,6,6,1,0,0,6,0,6,1,6,0,6,6,0,5,2,4,1,0,0,6,7,0,0,6,1,2,0,0,0,1,6,0,1
1,7,CHIAPAS,15,CACAHOATAN,179,ROSALES,-92.189484,15.038253,629,157,81,76,6,2,4,151,79,72,144,75,69,123,66,57,115,63,52,104,58,46,15,8,7,13,5,8,17,6,11,8,3,5,11,5,6,17,10,7,47,23,10,13,93.83,42,101,14,13,6,7,15,7,8,14,5,9,14,7,7,14,8,6,12,10,2,10,7,3,7,3,4,6,4,2,13,8,5,9,6,3,7,0,7,9,5,4,3,1,2,3,1,2,2,1,1,3,1,2,3,1,2,2.62,149,79,70,3,0,3,142,74,68,2,1,1,2,0,2,0,0,0,2,0,2,2,0,2,13,0,0,0,9,5,5,2,1,3,1,10,4,3,0,3,0,1,1,137,8,5,3,2,1,1,0,0,0,10,5,5,3,3,0,0,0,0,13,7,6,13,6,7,16,7,9,15,6,9,0,0,0,31,18,13,34,22,12,7.9,8.54,7.13,69,26,43,54,40,14,69,26,43,0,0,0,68,89,27,0,0,4,58,0,0,0,35,71,17,72,67,0,18,37,7,30,157,20,137,47,37,47,37,37,37,7,3,157,4.24,1.29,34,3,8,29,4,6,27,37,0,36,35,1,2,33,36,1,37,0,36,0,36,28,0,26,12,2,6,4,4,26,29,2,0,33,1,10,0,1,3,4,35,1,1
1,7,CHIAPAS,15,CACAHOATAN,180,SAN FERNANDO,-92.156449,15.012211,585,1,*,*,*,*,*,*,*,*,*,*,*,*,*,*,*,*,*,*,*,*,*,*,*,*,*,*,*,*,*,*,*,*,*,*,*,*,*,*,*,*,*,*,*,*,*,*,*,*,*,*,*,*,*,*,*,*,*,*,*,*,*,*,*,*,*,*,*,*,*,*,*,*,*,*,*,*,*,*,*,*,*,*,*,*,*,*,*,*,*,*,*,*,*,*,*,*,*,*,*,*,*,*,*,*,*,*,*,*,*,*,*,*,*,*,*,*,*,*,*,*,*,*,*,*,*,*,*,*,*,*,*,*,*,*,*,*,*,*,*,*,*,*,*,*,*,*,*,*,*,*,*,*,*,*,*,*,*,*,*,*,*,*,*,*,*,*,*,*,*,*,*,*,*,*,*,*,*,*,*,*,*,*,*,*,*,*,*,*,*,*,*,*,*,*,*,*,*,*,*,*,*,*,*,*,*,*,*,*,*,*,*,*,*,*,*,*,*,*,*,*,*,*,1,1,*,*,*,*,*,*,*,*,*,*,*,*,*,*,*,*,*,*,*,*,*,*,*,*,*,*,*,*,*,*,*,*,*,*,*,*,*,*,*,*,*,*,*,*,*,*,*,*,*,*,*,1
1,7,CHIAPAS,15,CACAHOATAN,181,SANTA LUCIA,-92.147421,14.998024,523,188,93,95,11,4,7,177,89,88,165,82,83,132,65,67,115,60,55,95,50,45,18,9,9,27,15,12,33,15,18,17,5,12,20,10,10,20,13,7,48,17,7,10,102.15,73,105,10,23,11,12,25,13,12,25,9,16,27,15,12,13,8,5,10,5,5,15,9,6,10,4,6,4,3,1,11,4,7,3,2,1,5,3,2,7,5,2,5,2,3,1,0,1,3,0,3,1,0,1,0,0,0,2.6,186,92,94,1,1,0,165,82,83,0,0,0,1,0,1,0,0,0,1,0,1,1,0,1,6,0,0,0,1,0,0,0,1,0,0,6,2,2,2,0,0,0,0,181,18,9,9,4,2,2,2,0,2,16,8,8,3,3,0,0,0,0,10,8,2,14,8,6,9,4,5,19,7,12,0,0,0,54,29,25,10,7,3,7.41,7.57,7.24,47,2,45,84,63,21,13,0,13,34,2,32,91,97,5,0,0,0,92,0,0,0,46,74,12,81,73,0,34,37,14,23,188,68,120,49,37,49,37,37,37,7,5,188,5.08,1.96,31,6,16,21,11,10,16,37,0,37,36,0,3,0,28,8,36,1,36,0,30,37,2,18,11,2,0,0,5,24,28,1,0,24,1,4,0,0,6,13,35,3,1
1,7,CHIAPAS,15,CACAHOATAN,182,SAN VICENTE,-92.194081,15.057306,686,6,*,*,*,*,*,*,*,*,*,*,*,*,*,*,*,*,*,*,*,*,*,*,*,*,*,*,*,*,*,*,*,*,*,*,*,*,*,*,*,*,*,*,*,*,*,*,*,*,*,*,*,*,*,*,*,*,*,*,*,*,*,*,*,*,*,*,*,*,*,*,*,*,*,*,*,*,*,*,*,*,*,*,*,*,*,*,*,*,*,*,*,*,*,*,*,*,*,*,*,*,*,*,*,*,*,*,*,*,*,*,*,*,*,*,*,*,*,*,*,*,*,*,*,*,*,*,*,*,*,*,*,*,*,*,*,*,*,*,*,*,*,*,*,*,*,*,*,*,*,*,*,*,*,*,*,*,*,*,*,*,*,*,*,*,*,*,*,*,*,*,*,*,*,*,*,*,*,*,*,*,*,*,*,*,*,*,*,*,*,*,*,*,*,*,*,*,*,*,*,*,*,*,*,*,*,*,*,*,*,*,*,*,*,*,*,*,*,*,*,*,*,*,1,1,*,*,*,*,*,*,*,*,*,*,*,*,*,*,*,*,*,*,*,*,*,*,*,*,*,*,*,*,*,*,*,*,*,*,*,*,*,*,*,*,*,*,*,*,*,*,*,*,*,*,*,1
1,7,CHIAPAS,15,CACAHOATAN,185,JUAN DE LEON SANTOS,-92.19471,15.059961,690,1,*,*,*,*,*,*,*,*,*,*,*,*,*,*,*,*,*,*,*,*,*,*,*,*,*,*,*,*,*,*,*,*,*,*,*,*,*,*,*,*,*,*,*,*,*,*,*,*,*,*,*,*,*,*,*,*,*,*,*,*,*,*,*,*,*,*,*,*,*,*,*,*,*,*,*,*,*,*,*,*,*,*,*,*,*,*,*,*,*,*,*,*,*,*,*,*,*,*,*,*,*,*,*,*,*,*,*,*,*,*,*,*,*,*,*,*,*,*,*,*,*,*,*,*,*,*,*,*,*,*,*,*,*,*,*,*,*,*,*,*,*,*,*,*,*,*,*,*,*,*,*,*,*,*,*,*,*,*,*,*,*,*,*,*,*,*,*,*,*,*,*,*,*,*,*,*,*,*,*,*,*,*,*,*,*,*,*,*,*,*,*,*,*,*,*,*,*,*,*,*,*,*,*,*,*,*,*,*,*,*,*,*,*,*,*,*,*,*,*,*,*,*,1,1,*,*,*,*,*,*,*,*,*,*,*,*,*,*,*,*,*,*,*,*,*,*,*,*,*,*,*,*,*,*,*,*,*,*,*,*,*,*,*,*,*,*,*,*,*,*,*,*,*,*,*,1
1,7,CHIAPAS,15,CACAHOATAN,186,TOJBACH,-92.159964,15.160299,1541,92,49,43,10,2,8,82,47,35,75,44,31,61,36,25,55,32,23,50,29,21,11,5,6,10,6,4,12,9,3,6,4,2,5,3,2,11,9,2,22,9,5,4,87.76,37,52,3,17,5,12,12,6,6,8,6,2,10,8,2,6,4,2,2,2,0,6,4,2,3,1,2,1,0,1,6,3,3,9,5,4,3,0,3,6,2,4,0,0,0,0,0,0,1,1,0,1,1,0,1,1,0,3.56,92,49,43,0,0,0,74,44,30,0,0,0,29,16,13,0,0,0,29,16,13,29,0,29,80,0,0,0,1,1,1,1,1,1,1,4,3,1,0,1,0,1,0,87,1,1,0,0,0,0,0,0,0,2,1,1,0,0,0,0,0,0,11,7,4,11,6,5,13,8,5,10,3,7,2,0,2,16,12,4,3,3,0,5.24,5.69,4.61,58,33,25,3,3,0,58,33,25,0,0,0,2,90,0,0,0,0,81,89,0,0,20,36,5,88,1,0,3,16,3,13,92,6,86,17,16,17,16,16,16,1,0,92,5.75,1.8,15,1,8,8,0,8,8,16,0,16,13,0,4,0,10,6,13,3,13,0,13,16,1,6,1,1,0,0,0,12,11,0,0,15,1,2,0,0,3,1,15,1,1
1,7,CHIAPAS,15,CACAHOATAN,187,TOCHAMAN,-92.163172,15.182413,1856,22,8,14,0,0,0,22,8,14,22,8,14,17,6,11,13,5,8,11,4,7,0,0,0,5,2,3,8,3,5,4,1,3,2,1,1,2,0,2,3,1,1,0,175,9,12,1,0,0,0,2,1,1,7,2,5,2,1,1,2,0,2,0,0,0,4,1,3,1,1,0,1,0,1,0,0,0,0,0,0,2,1,1,0,0,0,1,1,0,0,0,0,0,0,0,0,0,0,0,0,0,3.5,22,8,14,0,0,0,22,8,14,0,0,0,2,1,1,0,0,0,2,1,1,2,0,2,10,0,0,0,0,0,0,0,0,0,0,0,0,0,0,0,0,0,0,22,0,0,0,0,0,0,0,0,0,1,0,1,0,0,0,0,0,0,3,2,1,3,2,1,2,1,1,4,1,3,0,0,0,3,1,2,0,0,0,5.15,3.4,6.25,12,4,8,5,2,3,12,4,8,0,0,0,0,22,0,0,0,0,22,1,0,0,10,5,2,21,0,0,1,4,2,2,22,7,15,5,4,5,4,4,4,1,0,22,5.5,2.2,2,2,2,2,1,2,1,3,1,3,0,1,0,0,0,4,0,4,0,1,0,4,1,1,0,1,0,0,0,3,2,0,0,2,1,0,0,0,1,2,3,1,1
1,7,CHIAPAS,15,CACAHOATAN,188,TOQUIAN,-92.140969,15.166407,1683,9,*,*,*,*,*,*,*,*,*,*,*,*,*,*,*,*,*,*,*,*,*,*,*,*,*,*,*,*,*,*,*,*,*,*,*,*,*,*,*,*,*,*,*,*,*,*,*,*,*,*,*,*,*,*,*,*,*,*,*,*,*,*,*,*,*,*,*,*,*,*,*,*,*,*,*,*,*,*,*,*,*,*,*,*,*,*,*,*,*,*,*,*,*,*,*,*,*,*,*,*,*,*,*,*,*,*,*,*,*,*,*,*,*,*,*,*,*,*,*,*,*,*,*,*,*,*,*,*,*,*,*,*,*,*,*,*,*,*,*,*,*,*,*,*,*,*,*,*,*,*,*,*,*,*,*,*,*,*,*,*,*,*,*,*,*,*,*,*,*,*,*,*,*,*,*,*,*,*,*,*,*,*,*,*,*,*,*,*,*,*,*,*,*,*,*,*,*,*,*,*,*,*,*,*,*,*,*,*,*,*,*,*,*,*,*,*,*,*,*,*,*,*,3,2,*,*,*,*,*,*,*,*,*,*,*,*,*,*,*,*,*,*,*,*,*,*,*,*,*,*,*,*,*,*,*,*,*,*,*,*,*,*,*,*,*,*,*,*,*,*,*,*,*,*,*,1
1,7,CHIAPAS,15,CACAHOATAN,189,LA VENTANA,-92.146788,15.169526,1908,37,19,18,2,1,1,35,18,17,34,17,17,24,12,12,21,10,11,18,9,9,1,1,0,10,5,5,9,6,3,3,2,1,3,1,2,2,1,1,7,7,3,4,94.74,16,14,7,3,2,1,6,3,3,7,4,3,3,1,2,2,1,1,1,1,0,2,1,1,1,1,0,2,2,0,1,0,1,2,0,2,0,0,0,0,0,0,1,1,0,2,0,2,0,0,0,0,0,0,4,2,2,5.08,37,19,18,0,0,0,34,17,17,0,0,0,6,2,4,1,0,1,5,2,3,6,1,5,20,0,0,0,1,0,1,0,0,0,0,4,3,3,0,1,1,1,0,32,0,0,0,0,0,0,0,0,0,3,1,2,0,0,0,0,0,0,7,4,3,8,5,3,4,0,4,2,1,1,2,1,1,3,1,2,2,2,0,4.24,4.6,3.91,20,9,11,4,3,1,20,9,11,0,0,0,0,37,1,0,0,0,15,34,0,0,9,9,6,36,1,0,0,8,2,6,37,11,26,10,8,10,8,8,8,2,0,37,4.63,2.47,1,7,8,0,1,7,0,1,7,8,0,0,0,0,1,6,1,7,0,0,1,8,6,0,0,0,0,0,0,2,0,0,0,2,0,0,0,0,6,6,8,6,1
1,7,CHIAPAS,15,CACAHOATAN,191,SAN ALBERTO,-92.166622,15.015119,576,9,4,5,1,0,1,8,4,4,8,4,4,7,3,4,6,3,3,6,3,3,0,0,0,1,1,0,2,1,1,1,0,1,0,0,0,1,0,1,1,1,0,1,125,3,5,1,1,0,1,1,1,0,1,0,1,0,0,0,1,0,1,0,0,0,2,1,1,0,0,0,0,0,0,0,0,0,1,1,0,1,1,0,0,0,0,0,0,0,0,0,0,1,0,1,0,0,0,0,0,0,3.33,4,1,3,0,0,0,8,4,4,0,0,0,1,1,0,0,0,0,1,1,0,1,0,1,3,0,0,0,2,1,0,0,0,0,1,1,0,1,0,0,0,0,1,6,0,0,0,0,0,0,1,0,1,0,0,0,0,0,0,0,0,0,3,2,1,3,3,0,2,0,2,1,0,1,0,0,0,0,0,0,0,0,0,2.17,0,4.33,6,2,4,1,1,0,6,2,4,0,0,0,8,1,0,0,0,0,1,0,0,0,2,3,2,0,2,0,7,4,2,2,9,4,5,4,4,4,4,4,4,0,0,9,2.25,1.8,1,3,4,0,3,1,0,4,0,2,0,2,0,0,0,4,3,1,1,0,3,4,1,1,0,0,0,0,1,3,1,0,0,2,0,0,0,0,1,2,4,1,1
1,7,CHIAPAS,15,CACAHOATAN,194,EL PASTIZAL,-92.187928,15.012604,544,34,15,19,1,0,1,33,15,18,31,15,16,25,12,13,20,11,9,19,10,9,3,1,2,5,2,3,9,2,7,5,1,4,1,1,0,3,1,2,10,2,1,1,126.67,14,19,1,3,0,3,3,2,1,8,2,6,3,2,1,1,0,1,2,2,0,1,0,1,5,4,1,2,1,1,4,1,3,0,0,0,0,0,0,1,1,0,1,0,1,0,0,0,0,0,0,0,0,0,0,0,0,2,30,14,16,0,0,0,30,14,16,1,1,0,0,0,0,0,0,0,0,0,0,0,0,0,0,0,0,0,2,0,2,0,0,0,0,2,1,2,0,0,0,0,0,30,0,0,0,0,0,0,0,0,0,1,1,0,1,0,1,0,0,0,4,2,2,4,2,2,0,0,0,3,2,1,2,2,0,5,2,3,5,2,3,7.55,7.27,7.89,12,5,7,13,7,6,12,5,7,0,0,0,6,28,7,0,0,4,17,0,0,0,8,14,3,1,9,8,16,9,2,7,34,7,27,9,9,9,9,9,9,0,0,34,3.78,1.06,9,0,2,7,2,0,7,9,0,8,1,1,2,7,9,0,9,0,8,0,9,8,0,7,5,2,1,1,2,3,9,0,0,9,0,5,0,0,0,0,9,0,1
1,7,CHIAPAS,15,CACAHOATAN,196,LA PRIMAVERA,-92.176236,15.036759,674,126,67,59,13,7,6,113,60,53,105,56,49,74,40,34,63,32,31,52,28,24,13,6,7,26,14,12,29,17,12,11,8,3,11,4,7,15,8,7,31,3,1,2,88.06,63,61,2,21,11,10,20,12,8,22,12,10,16,7,9,10,5,5,7,6,1,5,3,2,6,4,2,9,4,5,2,2,0,4,0,4,1,0,1,1,1,0,1,0,1,1,0,1,0,0,0,0,0,0,0,0,0,2.6,125,67,58,0,0,0,105,56,49,0,0,0,3,2,1,0,0,0,3,2,1,3,0,3,18,0,0,0,3,0,1,2,1,1,0,5,0,3,0,2,0,1,0,118,5,2,3,0,0,0,3,3,0,10,4,6,4,2,2,1,0,1,8,4,4,9,3,6,9,5,4,14,6,8,3,1,2,9,6,3,12,8,4,6.73,7.41,6.03,30,8,22,44,32,12,30,8,22,0,0,0,89,37,4,0,0,0,33,0,0,0,37,30,7,87,27,0,12,26,8,18,126,40,86,39,26,39,26,26,26,11,2,126,4.85,2.21,22,4,14,12,6,12,8,26,0,25,25,1,8,0,26,0,26,0,25,0,26,24,1,10,6,1,1,2,0,10,22,0,0,18,0,0,0,0,2,8,26,1,1
1,7,CHIAPAS,15,CACAHOATAN,197,FRACCIONAMIENTO SAN ANTONIO,-92.179631,14.993095,473,113,63,50,7,3,4,106,60,46,98,55,43,76,43,33,67,38,29,61,35,26,8,5,3,22,12,10,25,15,10,9,5,4,6,3,3,16,9,7,33,5,3,2,79.37,46,64,3,15,8,7,14,7,7,17,10,7,13,6,7,9,6,3,5,3,2,10,6,4,10,7,3,6,3,3,4,2,2,2,1,1,3,1,2,2,1,1,1,1,0,0,0,0,2,1,1,0,0,0,0,0,0,2.14,110,61,49,2,2,0,95,52,43,3,3,0,6,2,4,0,0,0,6,2,4,6,0,6,25,0,0,0,3,0,1,0,1,0,1,5,2,2,1,2,0,0,1,105,6,3,3,1,0,1,0,0,0,6,3,3,6,4,2,0,0,0,4,4,0,5,4,1,3,1,2,15,8,7,1,1,0,22,12,10,19,11,8,8.72,8.71,8.72,37,13,24,39,30,9,37,13,24,0,0,0,36,77,11,4,0,2,60,0,0,0,30,42,4,48,32,0,33,22,8,14,113,40,73,45,22,45,22,22,22,17,6,113,5.14,1.31,21,1,3,19,0,1,21,22,0,22,21,0,7,20,22,0,22,0,22,0,22,18,0,16,9,4,4,0,4,16,19,4,1,20,4,5,0,0,1,1,15,0,1
1,7,CHIAPAS,15,CACAHOATAN,198,LOS ROBLES,-92.160205,15.004011,546,24,9,15,1,0,1,23,9,14,22,9,13,19,9,10,18,9,9,17,8,9,1,0,1,3,0,3,4,0,4,1,0,1,1,1,0,3,1,2,7,3,1,2,166.67,6,17,1,2,0,2,2,0,2,2,0,2,1,1,0,3,1,2,0,0,0,3,2,1,2,1,1,5,2,3,0,0,0,0,0,0,1,1,0,2,1,1,0,0,0,0,0,0,0,0,0,1,0,1,0,0,0,2,20,7,13,3,1,2,22,9,13,0,0,0,0,0,0,0,0,0,0,0,0,0,0,0,0,0,0,0,0,0,0,0,0,0,0,0,0,0,0,0,0,0,1,23,0,0,0,0,0,0,0,0,0,1,1,0,1,0,1,0,0,0,0,0,0,0,0,0,2,1,1,3,2,1,0,0,0,2,1,1,10,4,6,11.89,11.33,12.44,17,9,8,2,0,2,17,9,8,0,0,0,9,15,1,0,11,2,1,0,0,0,4,14,1,6,7,0,11,7,0,7,24,0,24,10,7,10,7,7,7,0,3,24,3.43,1.26,6,1,5,2,0,4,3,7,0,7,7,0,6,6,7,0,7,0,7,0,7,1,0,7,6,3,5,1,0,6,7,2,0,7,0,7,0,0,0,0,5,0,1
1,7,CHIAPAS,15,CACAHOATAN,199,QUINTA CASPIROL DE LA MONTANA,-92.151516,15.003224,545,2,*,*,*,*,*,*,*,*,*,*,*,*,*,*,*,*,*,*,*,*,*,*,*,*,*,*,*,*,*,*,*,*,*,*,*,*,*,*,*,*,*,*,*,*,*,*,*,*,*,*,*,*,*,*,*,*,*,*,*,*,*,*,*,*,*,*,*,*,*,*,*,*,*,*,*,*,*,*,*,*,*,*,*,*,*,*,*,*,*,*,*,*,*,*,*,*,*,*,*,*,*,*,*,*,*,*,*,*,*,*,*,*,*,*,*,*,*,*,*,*,*,*,*,*,*,*,*,*,*,*,*,*,*,*,*,*,*,*,*,*,*,*,*,*,*,*,*,*,*,*,*,*,*,*,*,*,*,*,*,*,*,*,*,*,*,*,*,*,*,*,*,*,*,*,*,*,*,*,*,*,*,*,*,*,*,*,*,*,*,*,*,*,*,*,*,*,*,*,*,*,*,*,*,*,*,*,*,*,*,*,*,*,*,*,*,*,*,*,*,*,*,*,1,1,*,*,*,*,*,*,*,*,*,*,*,*,*,*,*,*,*,*,*,*,*,*,*,*,*,*,*,*,*,*,*,*,*,*,*,*,*,*,*,*,*,*,*,*,*,*,*,*,*,*,*,1
1,7,CHIAPAS,15,CACAHOATAN,200,FRACCION LAS QUINAS,-92.143864,15.063211,975,90,43,47,9,3,6,81,40,41,76,38,38,57,29,28,49,28,21,45,25,20,6,3,3,18,8,10,17,4,13,8,1,7,4,3,1,14,10,4,22,6,2,4,109.3,41,46,3,14,5,9,15,8,7,12,2,10,8,6,2,10,7,3,4,1,3,5,4,1,7,2,5,4,2,2,1,0,1,3,3,0,1,1,0,3,1,2,2,1,1,0,0,0,1,0,1,0,0,0,0,0,0,3.1,89,43,46,1,0,1,75,38,37,0,0,0,3,1,2,0,0,0,3,1,2,3,0,3,12,0,0,0,6,1,1,0,4,0,0,2,0,1,0,1,0,1,1,81,1,0,1,0,0,0,1,0,1,1,1,0,1,1,0,1,0,1,7,2,5,5,3,2,5,1,4,9,3,6,2,2,0,25,16,9,2,2,0,6.96,7.61,6.1,27,6,21,30,23,7,27,6,21,0,0,0,6,84,0,0,0,0,84,0,0,0,23,31,3,39,28,0,23,19,5,14,90,19,71,21,19,21,19,19,19,2,0,90,4.74,1.76,15,4,13,6,3,6,10,19,0,19,11,0,3,1,18,1,19,0,19,0,19,19,2,7,2,0,0,0,0,7,14,0,0,9,0,0,0,0,3,10,19,2,1
1,7,CHIAPAS,15,CACAHOATAN,201,1RA AMPLIACION MANACAL,-92.200433,15.123389,876,38,15,23,2,0,2,36,15,21,34,13,21,30,11,19,26,10,16,22,8,14,3,2,1,3,2,1,5,1,4,4,1,3,4,2,2,9,3,6,7,5,1,4,153.33,12,25,1,4,2,2,3,2,1,5,1,4,7,2,5,6,3,3,3,1,2,1,0,1,0,0,0,2,1,1,0,0,0,1,1,0,1,1,0,4,1,3,1,0,1,0,0,0,0,0,0,0,0,0,0,0,0,4.45,33,14,19,0,0,0,33,13,20,1,0,1,9,4,5,0,0,0,9,4,5,9,0,9,32,0,0,0,0,0,0,0,0,0,0,2,0,2,0,2,0,0,0,36,3,2,1,1,1,0,2,1,1,0,0,0,0,0,0,0,0,0,5,4,1,6,4,2,2,0,2,9,2,7,0,0,0,5,1,4,4,3,1,5.81,5.7,5.88,30,11,19,0,0,0,30,11,19,0,0,0,28,10,0,0,0,0,10,0,0,0,15,14,1,7,29,0,2,7,0,7,38,0,38,13,7,13,7,7,7,0,6,38,5.43,2.53,1,6,5,2,1,4,2,0,7,6,0,1,1,0,2,5,1,6,0,1,1,7,2,0,0,0,0,0,0,4,0,0,0,4,0,0,0,0,3,3,7,2,1
1,7,CHIAPAS,15,CACAHOATAN,202,LOS ALAMOS,-92.156572,15.007431,563,5,*,*,*,*,*,*,*,*,*,*,*,*,*,*,*,*,*,*,*,*,*,*,*,*,*,*,*,*,*,*,*,*,*,*,*,*,*,*,*,*,*,*,*,*,*,*,*,*,*,*,*,*,*,*,*,*,*,*,*,*,*,*,*,*,*,*,*,*,*,*,*,*,*,*,*,*,*,*,*,*,*,*,*,*,*,*,*,*,*,*,*,*,*,*,*,*,*,*,*,*,*,*,*,*,*,*,*,*,*,*,*,*,*,*,*,*,*,*,*,*,*,*,*,*,*,*,*,*,*,*,*,*,*,*,*,*,*,*,*,*,*,*,*,*,*,*,*,*,*,*,*,*,*,*,*,*,*,*,*,*,*,*,*,*,*,*,*,*,*,*,*,*,*,*,*,*,*,*,*,*,*,*,*,*,*,*,*,*,*,*,*,*,*,*,*,*,*,*,*,*,*,*,*,*,*,*,*,*,*,*,*,*,*,*,*,*,*,*,*,*,*,*,1,1,*,*,*,*,*,*,*,*,*,*,*,*,*,*,*,*,*,*,*,*,*,*,*,*,*,*,*,*,*,*,*,*,*,*,*,*,*,*,*,*,*,*,*,*,*,*,*,*,*,*,*,1
1,7,CHIAPAS,15,CACAHOATAN,203,SAN PEDRO,-92.180883,14.992997,469,9,*,*,*,*,*,*,*,*,*,*,*,*,*,*,*,*,*,*,*,*,*,*,*,*,*,*,*,*,*,*,*,*,*,*,*,*,*,*,*,*,*,*,*,*,*,*,*,*,*,*,*,*,*,*,*,*,*,*,*,*,*,*,*,*,*,*,*,*,*,*,*,*,*,*,*,*,*,*,*,*,*,*,*,*,*,*,*,*,*,*,*,*,*,*,*,*,*,*,*,*,*,*,*,*,*,*,*,*,*,*,*,*,*,*,*,*,*,*,*,*,*,*,*,*,*,*,*,*,*,*,*,*,*,*,*,*,*,*,*,*,*,*,*,*,*,*,*,*,*,*,*,*,*,*,*,*,*,*,*,*,*,*,*,*,*,*,*,*,*,*,*,*,*,*,*,*,*,*,*,*,*,*,*,*,*,*,*,*,*,*,*,*,*,*,*,*,*,*,*,*,*,*,*,*,*,*,*,*,*,*,*,*,*,*,*,*,*,*,*,*,*,*,5,2,*,*,*,*,*,*,*,*,*,*,*,*,*,*,*,*,*,*,*,*,*,*,*,*,*,*,*,*,*,*,*,*,*,*,*,*,*,*,*,*,*,*,*,*,*,*,*,*,*,*,*,1
1,7,CHIAPAS,15,CACAHOATAN,204,LAS PALMAS,-92.182475,14.985603,450,3,*,*,*,*,*,*,*,*,*,*,*,*,*,*,*,*,*,*,*,*,*,*,*,*,*,*,*,*,*,*,*,*,*,*,*,*,*,*,*,*,*,*,*,*,*,*,*,*,*,*,*,*,*,*,*,*,*,*,*,*,*,*,*,*,*,*,*,*,*,*,*,*,*,*,*,*,*,*,*,*,*,*,*,*,*,*,*,*,*,*,*,*,*,*,*,*,*,*,*,*,*,*,*,*,*,*,*,*,*,*,*,*,*,*,*,*,*,*,*,*,*,*,*,*,*,*,*,*,*,*,*,*,*,*,*,*,*,*,*,*,*,*,*,*,*,*,*,*,*,*,*,*,*,*,*,*,*,*,*,*,*,*,*,*,*,*,*,*,*,*,*,*,*,*,*,*,*,*,*,*,*,*,*,*,*,*,*,*,*,*,*,*,*,*,*,*,*,*,*,*,*,*,*,*,*,*,*,*,*,*,*,*,*,*,*,*,*,*,*,*,*,*,2,1,*,*,*,*,*,*,*,*,*,*,*,*,*,*,*,*,*,*,*,*,*,*,*,*,*,*,*,*,*,*,*,*,*,*,*,*,*,*,*,*,*,*,*,*,*,*,*,*,*,*,*,1
1,7,CHIAPAS,15,CACAHOATAN,206,FRACCION BANANERA,-92.193189,15.070206,765,119,61,58,9,6,3,110,55,55,100,51,49,82,44,38,71,37,34,65,35,30,15,6,9,13,5,8,20,10,10,11,7,4,6,2,4,11,8,3,30,7,4,3,95.08,48,65,6,19,10,9,12,4,8,17,10,7,10,5,5,7,5,2,13,7,6,11,4,7,8,5,3,7,3,4,2,1,1,4,3,1,2,0,2,1,1,0,4,1,3,1,1,0,1,1,0,0,0,0,0,0,0,2.61,116,60,56,0,0,0,100,51,49,0,0,0,2,1,1,0,0,0,2,1,1,2,0,2,4,0,0,0,0,0,0,0,0,0,0,0,0,0,0,0,0,0,0,119,4,1,3,2,0,2,1,1,0,4,1,3,3,1,2,1,1,0,16,9,7,22,11,11,8,4,4,6,4,2,1,1,0,20,11,9,12,5,7,5.85,5.89,5.79,48,16,32,33,28,5,48,16,32,0,0,0,41,78,6,0,0,0,72,0,0,0,32,45,5,8,61,0,50,24,3,21,119,20,99,34,24,34,24,24,24,10,0,119,4.96,2.02,18,6,12,12,10,3,11,24,0,24,24,0,1,0,22,2,24,0,24,0,22,24,2,12,3,3,0,0,0,17,17,0,0,20,1,1,1,0,4,4,23,2,1
1,7,CHIAPAS,15,CACAHOATAN,207,EL PORVENIR,-92.166944,15.092747,1363,42,25,17,3,3,0,39,22,17,37,22,15,33,20,13,31,18,13,29,17,12,2,0,2,4,2,2,4,4,0,2,2,0,2,1,1,9,6,3,12,5,3,2,68,11,30,1,5,3,2,2,0,2,4,4,0,5,3,2,6,4,2,1,0,1,5,2,3,1,1,0,3,2,1,0,0,0,0,0,0,5,3,2,4,2,2,0,0,0,0,0,0,1,1,0,0,0,0,0,0,0,2.9,42,25,17,0,0,0,37,22,15,0,0,0,0,0,0,0,0,0,0,0,0,0,0,0,0,0,0,0,3,3,1,1,0,1,1,6,3,3,0,0,0,0,0,33,1,0,1,0,0,0,0,0,0,2,1,1,0,0,0,1,1,0,4,3,1,0,0,0,9,6,3,5,3,2,1,0,1,9,4,5,5,4,1,7.03,6.89,7.23,14,2,12,19,18,1,13,2,11,1,0,1,31,11,0,0,0,0,11,0,0,0,12,17,4,4,13,0,25,10,4,6,42,19,23,10,10,10,10,10,10,0,0,42,4.2,1.5,9,1,6,4,1,3,6,10,0,10,2,0,2,0,8,1,9,1,9,0,9,10,0,4,2,1,0,0,0,7,8,0,0,10,0,0,0,0,1,0,10,0,1
1,7,CHIAPAS,15,CACAHOATAN,208,LA CEIBA,-92.185656,15.043461,657,158,77,81,16,8,8,142,69,73,129,63,66,95,50,45,88,48,40,83,45,38,17,7,10,30,12,18,26,9,17,7,2,5,5,3,2,24,13,11,39,9,5,4,105.19,70,82,6,29,14,15,26,10,16,15,5,10,9,5,4,20,11,9,14,6,8,14,10,4,3,0,3,3,2,1,8,5,3,2,1,1,6,3,3,3,1,2,3,3,0,0,0,0,2,1,1,1,0,1,0,0,0,3.02,154,75,79,1,0,1,129,63,66,0,0,0,0,0,0,0,0,0,0,0,0,0,0,0,0,0,0,0,1,0,1,0,0,0,0,1,0,1,0,0,0,0,1,155,12,3,9,3,2,1,1,1,0,2,1,1,3,2,1,2,2,0,11,7,4,12,9,3,14,6,8,15,6,9,0,0,0,24,15,9,21,11,10,7.08,7.06,7.1,44,7,37,50,43,7,26,3,23,18,4,14,109,49,15,1,0,0,33,0,0,0,23,62,10,18,43,0,97,36,13,23,158,68,90,44,36,44,36,36,36,7,1,158,4.39,2.19,22,14,24,12,20,4,12,36,0,35,35,1,3,0,31,2,33,3,32,0,31,32,4,16,10,3,4,0,1,20,25,0,0,28,1,11,0,0,8,8,35,5,1
,,,,,,,,,,,,,,,,,,,,,,,,,,,,,,,,,,,,,,,,,,,,,,,,,,,,,,,,,,,,,,,,,,,,,,,,,,,,,,,,,,,,,,,,,,,,,,,,,,,,,,,,,,,,,,,,,,,,,,,,,,,,,,,,,,,,,,,,,,,,,,,,,,,,,,,,,,,,,,,,,,,,,,,,,,,,,,,,,,,,,,,,,,,,,,,,,,,,,,,,,,,,,,,,,,,,,,,,,,,,,,,,,,,,,,,,,,,,,,,,,,,,,,,,,,,,,,,,,,,,,,,,,,,,,,,,,,,,,,,,,,,,,,
